6,0.802,0.0472700934900811,0.128187573057365,"cum9m","fma.asset.turn","fma.earnings.ret","fma.ebit.int.exp","fma.fcf.mgn","fma.gross.margin","fma.psales"
6,0.723,0.0436306428272271,0.130858581275164,"cum9m","fma.asset.turn","fma.debt.assets","fma.earnings.ret","fma.fcf.mgn","fma.gross.margin","fma.net.mgn"
6,0.7335,0.0489867070699895,0.132705183619503,"cum9m","fma.asset.turn","fma.debt.assets","fma.earnings.ret","fma.ebitda.margin","fma.fcf.mgn","fma.gross.margin"
6,0.6519,0.0702035787900792,0.138222729393233,"cum9m","fma.debt.assets","fma.earnings.ret","fma.fcf.mgn","fma.gross.margin","fma.payout","fma.psales"
6,0.5972,0.0608999993301748,0.132718887084595,"cum9m","fma.asset.turn","fma.debt.assets","fma.decliners","fma.earnings.ret","fma.fcf.mgn","fma.gross.margin"
6,0.6463,0.059584727131784,0.129338147899985,"cum9m","fma.asset.turn","fma.debt.assets","fma.earnings.ret","fma.gross.margin","fma.pcf","fma.psales"
6,0.869,0.0573098110125329,0.130814454448208,"cum9m","fma.debt.assets","fma.debt.eq","fma.earnings.ret","fma.fcf.mgn","fma.gross.margin","fma.psales"
6,0.7077,0.045800218884035,0.130835800296018,"cum9m","fma.asset.turn","fma.debt.assets","fma.earnings.ret","fma.ebitda.int.exp","fma.fcf.mgn","fma.gross.margin"
6,0.4205,0.0466529401696995,0.12105365538095,"cum9m","fma.asset.turn","fma.debt.assets","fma.earnings.ret","fma.eval.fcf","fma.gross.margin","fma.psales"
6,0.7293,0.0507589944551144,0.13104405313368,"cum9m","fma.debt.assets","fma.earnings.ret","fma.fcf.mgn","fma.gross.margin","fma.pretax.mgn","fma.psales"
6,0.7815,0.0750173812356055,0.138116018623965,"cum9m","fma.asset.turn","fma.debt.assets","fma.fcf.mgn","fma.gross.margin","fma.psales","fma.roa"
6,0.7293,0.0507589944551144,0.13104405313368,"cum9m","fma.debt.assets","fma.earnings.ret","fma.fcf.mgn","fma.gross.margin","fma.pretax.mgn","fma.psales"
6,0.7523,0.0525848558421642,0.129545042080466,"cum9m","fma.asset.turn","fma.earnings.ret","fma.fcf.mgn","fma.gross.margin","fma.net.mgn","fma.psales"
6,0.7081,0.0390792173862759,0.12489530899579,"cum9m","fma.asset.turn","fma.debt.assets","fma.earnings.ret","fma.gross.margin","fma.pct.below.mavg","fma.psales"
6,0.6466,0.0411546799899317,0.129406531925029,"cum9m","fma.asset.turn","fma.debt.assets","fma.earnings.ret","fma.fcf.mgn","fma.gross.margin","fma.pretax.mgn"
6,0.4814,0.0673052614203932,0.139809800078748,"fma.advancers.net","fma.asset.turn","fma.debt.assets","fma.earnings.ret","fma.fcf.mgn","fma.gross.margin","fma.psales"
6,0.7276,0.0916024039946784,0.151290477478439,"cum9m","fma.asset.turn","fma.debt.assets","fma.fcf.mgn","fma.gross.margin","fma.psales","fma.tgt.price"
6,0.759,0.0510480348531292,0.131626691424623,"cum9m","fma.debt.assets","fma.earnings.ret","fma.ebit.margin","fma.fcf.mgn","fma.gross.margin","fma.psales"
6,0.6914,0.0528781479250946,0.125562458252521,"cum9m","fma.asset.turn","fma.debt.assets","fma.earnings.ret","fma.gross.margin","fma.pcfx","fma.psales"
6,0.651,0.0386323939264792,0.119895768689935,"cum9m","fma.asset.turn","fma.debt.assets","fma.earnings.ret","fma.fcf.mgn","fma.pe","fma.psales"
6,0.8315,0.0273833116463102,0.121690798615478,"fma.asset.turn","fma.debt.assets","fma.earnings.ret","fma.fcf.mgn","fma.gross.margin","fma.lgcap.pct","fma.psales"
6,0.7203,0.0562608821545669,0.128671779639792,"cum9m","fma.asset.turn","fma.debt.assets","fma.earnings.ret","fma.gross.margin","fma.pe","fma.psales"
6,0.7312,0.0664982492423935,0.133083595398304,"cum9m","fma.asset.turn","fma.debt.assets","fma.div.yld","fma.earnings.ret","fma.gross.margin","fma.psales"
6,0.538,0.0546938358887729,0.130070648920865,"fma.asset.turn","fma.debt.assets","fma.earnings.ret","fma.fcf.mgn","fma.gross.margin","fma.hldgs.chg","fma.psales"
6,0.7649,0.0569620838829477,0.130878090600471,"cum9m","fma.debt.assets","fma.div.yld","fma.earnings.ret","fma.fcf.mgn","fma.gross.margin","fma.psales"
6,0.8249,0.0837736345715623,0.142171835382599,"cum9m","fma.asset.turn","fma.debt.assets","fma.ebita.debt","fma.fcf.mgn","fma.gross.margin","fma.psales"
6,0.8175,0.0642469939061259,0.132081113296749,"cum9m","fma.asset.turn","fma.earnings.ret","fma.fcf.mgn","fma.gross.margin","fma.pcf","fma.psales"
6,0.7981,0.0665860370845873,0.134663117516675,"cum9m","fma.asset.turn","fma.debt.assets","fma.earnings.ret","fma.fcf.mgn","fma.gross.margin","fma.pcfx"
6,0.7324,0.0484293148341336,0.12457856989854,"cum9m","fma.asset.turn","fma.debt.assets","fma.earnings.ret","fma.fcf.mgn","fma.ndebt.ebitda","fma.psales"
6,0.7653,0.0187819882008963,0.118366775388133,"cum9m","fma.asset.turn","fma.debt.assets","fma.earnings.ret","fma.fcf.mgn","fma.gross.margin","fma.lgcap.pct"
6,0.8239,0.0539346279425328,0.132004077356797,"cum9m","fma.debt.assets","fma.earnings.ret","fma.ebita.debt","fma.fcf.mgn","fma.gross.margin","fma.psales"
6,0.6655,0.0576277756872439,0.126429641832705,"cum9m","fma.assets.eq","fma.debt.assets","fma.earnings.ret","fma.fcf.mgn","fma.gross.margin","fma.psales"
6,0.6828,0.0573817020747711,0.131785157144379,"cum9m","fma.debt.assets","fma.earnings.ret","fma.fcf.mgn","fma.gross.margin","fma.hldgs.chg","fma.psales"
6,0.6927,0.0361278129538807,0.11665345343575,"cum9m","fma.asset.turn","fma.debt.assets","fma.earnings.ret","fma.fcf.mgn","fma.ltd.tcap","fma.psales"
6,0.7484,0.0492494692847845,0.130210188398178,"fma.asset.turn","fma.debt.assets","fma.earnings.ret","fma.fcf.mgn","fma.gross.margin","fma.pct.below.mavg","fma.psales"
6,0.6765,0.0691979878567148,0.140319579764053,"cum9m","fma.advancers.net","fma.asset.turn","fma.earnings.ret","fma.fcf.mgn","fma.gross.margin","fma.psales"
6,0.7093,0.055202807900753,0.132854605050231,"fma.asset.turn","fma.debt.assets","fma.earnings.ret","fma.ebit.margin","fma.fcf.mgn","fma.gross.margin","fma.psales"
6,0.5876,0.0490146446153731,0.124260824833718,"cum9m","fma.asset.turn","fma.debt.assets","fma.earnings.ret","fma.fcf.mgn","fma.pcf","fma.psales"
6,0.7222,0.0955335006726007,0.137001424386528,"cum9m","fma.asset.turn","fma.assets.eq","fma.debt.assets","fma.fcf.mgn","fma.gross.margin","fma.psales"
6,0.7188,0.0891948277934065,0.137890567847125,"cum9m","fma.asset.turn","fma.debt.assets","fma.div.yld","fma.fcf.mgn","fma.gross.margin","fma.psales"
6,0.6538,0.0550174738975933,0.130845945248388,"fma.asset.turn","fma.debt.assets","fma.earnings.ret","fma.ebitda.int.exp","fma.fcf.mgn","fma.gross.margin","fma.psales"
6,0.7523,0.0525848558421642,0.129545042080466,"cum9m","fma.asset.turn","fma.earnings.ret","fma.fcf.mgn","fma.gross.margin","fma.net.mgn","fma.psales"
6,0.7685,0.077451069551004,0.14003278390324,"cum9m","fma.asset.turn","fma.debt.assets","fma.fcf.mgn","fma.gross.margin","fma.pbk","fma.psales"
6,0.7685,0.077451069551004,0.14003278390324,"cum9m","fma.asset.turn","fma.debt.assets","fma.fcf.mgn","fma.gross.margin","fma.pbk","fma.psales"
6,0.7645,0.0528867438343872,0.131337448934443,"fma.asset.turn","fma.debt.assets","fma.earnings.ret","fma.fcf.mgn","fma.gross.margin","fma.pct.above.mavg","fma.psales"
6,0.5764,0.09053835923302,0.146131737806238,"cum9m","fma.advancers","fma.asset.turn","fma.debt.assets","fma.fcf.mgn","fma.gross.margin","fma.psales"
6,0.7546,0.0812628813483884,0.135496394594822,"fma.asset.turn","fma.assets.eq","fma.debt.assets","fma.earnings.ret","fma.fcf.mgn","fma.gross.margin","fma.psales"
6,0.7825,0.0921551849181381,0.144002596677366,"fma.asset.turn","fma.debt.assets","fma.earnings.ret","fma.fcf.mgn","fma.gross.margin","fma.payout","fma.psales"
6,0.4517,0.0662372161892189,0.126406521572136,"cum9m","fma.asset.turn","fma.debt.assets","fma.eval.fcf","fma.fcf.mgn","fma.gross.margin","fma.psales"
6,0.73,0.0597927446917665,0.131040894787976,"fma.asset.turn","fma.debt.assets","fma.earnings.ret","fma.fcf.mgn","fma.gross.margin","fma.pbk","fma.psales"
6,0.7203,0.0562608821545669,0.128671779639792,"cum9m","fma.asset.turn","fma.debt.assets","fma.earnings.ret","fma.gross.margin","fma.pe","fma.psales"
6,0.6466,0.0361328874162665,0.120812893882778,"cum9m","fma.asset.turn","fma.debt.assets","fma.earnings.ret","fma.fcf.mgn","fma.pct.below.mavg","fma.psales"
6,0.8013,0.0512587958888338,0.130030832516997,"cum9m","fma.asset.turn","fma.debt.assets","fma.earnings.ret","fma.fcf.mgn","fma.gross.margin","fma.pbk"
6,0.7645,0.0528867438343872,0.131337448934443,"fma.asset.turn","fma.debt.assets","fma.earnings.ret","fma.fcf.mgn","fma.gross.margin","fma.pct.above.mavg","fma.psales"
6,0.852,0.0502458343931471,0.133148189659172,"cum9m","fma.debt.assets","fma.earnings.ret","fma.fcf.mgn","fma.gross.margin","fma.psales","fma.roe"
6,0.6538,0.0550174738975933,0.130845945248388,"fma.asset.turn","fma.debt.assets","fma.earnings.ret","fma.ebitda.int.exp","fma.fcf.mgn","fma.gross.margin","fma.psales"
6,0.4586,0.0461591473911002,0.118247155680429,"cum9m","fma.asset.turn","fma.earnings.ret","fma.fcf.mgn","fma.gross.margin","fma.hhi","fma.psales"
6,0.7686,0.0637096114746227,0.132163879677526,"cum9m","fma.asset.turn","fma.earnings.ret","fma.fcf.mgn","fma.gross.margin","fma.pex","fma.psales"
6,0.8886,0.044035259200105,0.125545827723195,"cum9m","fma.asset.turn","fma.debt.eq","fma.earnings.ret","fma.fcf.mgn","fma.gross.margin","fma.psales"
6,0.5039,0.0613983721760527,0.124729608397748,"cum9m","fma.asset.turn","fma.debt.assets","fma.earnings.ret","fma.gross.margin","fma.hhi","fma.psales"
6,0.7265,0.0776605376153877,0.138839278987805,"fma.asset.turn","fma.debt.assets","fma.earnings.ret","fma.fcf.mgn","fma.fcf.yield","fma.gross.margin","fma.psales"
6,0.8418,0.0528517125872114,0.131084490860782,"cum9m","fma.asset.turn","fma.earnings.ret","fma.ebitda.margin","fma.fcf.mgn","fma.gross.margin","fma.psales"
6,0.7265,0.0776605376153877,0.138839278987805,"fma.asset.turn","fma.debt.assets","fma.earnings.ret","fma.fcf.mgn","fma.fcf.yield","fma.gross.margin","fma.psales"
6,0.765,0.0542054410120608,0.132264164327787,"cum9m","fma.asset.turn","fma.debt.assets","fma.fcf.mgn","fma.gross.margin","fma.lgcap.pct","fma.psales"
6,0.6887,0.0380743677460977,0.124880226386203,"cum9m","fma.asset.turn","fma.debt.assets","fma.earnings.ret","fma.fcf.mgn","fma.gross.margin","fma.ndebt.ebitda"
6,0.7202,0.039881957581577,0.123721412028856,"cum9m","fma.asset.turn","fma.earnings.ret","fma.fcf.mgn","fma.gross.margin","fma.ndebt.ebitda","fma.psales"
6,0.592,0.0492973218379126,0.125207768897208,"cum9m","fma.asset.turn","fma.debt.assets","fma.earnings.ret","fma.fcf.mgn","fma.hldgs.chg","fma.psales"
6,0.55,0.0691977612674463,0.132335894186874,"cum9m","fma.debt.assets","fma.decliners","fma.earnings.ret","fma.fcf.mgn","fma.gross.margin","fma.psales"
6,0.3626,0.0690097877885558,0.128723012714529,"cum9m","fma.advancers.vol","fma.asset.turn","fma.debt.assets","fma.earnings.ret","fma.gross.margin","fma.psales"
6,0.4582,0.0521903867989794,0.130780988215175,"cum9m","fma.asset.turn","fma.debt.assets","fma.earnings.ret","fma.gross.margin","fma.psales","fma.smlcap.pct"
6,0.6787,0.0490886126045762,0.133098207647118,"cum9m","fma.asset.turn","fma.debt.assets","fma.earnings.ret","fma.ebit.margin","fma.fcf.mgn","fma.gross.margin"
6,0.6839,0.0578141601192676,0.141788898380669,"fma.asset.turn","fma.debt.assets","fma.earnings.ret","fma.fcf.mgn","fma.gross.margin","fma.price.idx","fma.psales"
6,0.7463,0.0515412206316405,0.130677343322408,"cum9m","fma.debt.assets","fma.earnings.ret","fma.fcf.mgn","fma.gross.margin","fma.net.mgn","fma.psales"
6,0.7082,0.0593891607267608,0.130617789703862,"cum9m","fma.asset.turn","fma.debt.assets","fma.earnings.ret","fma.fcf.mgn","fma.pretax.mgn","fma.psales"
6,0.723,0.0436306428272271,0.130858581275164,"cum9m","fma.asset.turn","fma.debt.assets","fma.earnings.ret","fma.fcf.mgn","fma.gross.margin","fma.net.mgn"
6,0.3857,0.0662730507104534,0.124586820666953,"cum9m","fma.advancers.vol","fma.asset.turn","fma.debt.assets","fma.earnings.ret","fma.fcf.mgn","fma.psales"
6,0.4586,0.0461591473911002,0.118247155680429,"cum9m","fma.asset.turn","fma.earnings.ret","fma.fcf.mgn","fma.gross.margin","fma.hhi","fma.psales"
6,0.5743,0.0597375253578233,0.135414399833325,"cum9m","fma.advancers","fma.asset.turn","fma.debt.assets","fma.earnings.ret","fma.gross.margin","fma.psales"
6,0.7825,0.0921551849181381,0.144002596677366,"fma.asset.turn","fma.debt.assets","fma.earnings.ret","fma.fcf.mgn","fma.gross.margin","fma.payout","fma.psales"
6,0.3659,0.0681837544096238,0.139999438479047,"fma.asset.turn","fma.debt.assets","fma.earnings.ret","fma.fcf.mgn","fma.gross.margin","fma.psales","fma.share.turnover"
6,0.6387,0.058893643807121,0.137826360095569,"cum9m","fma.asset.turn","fma.debt.assets","fma.earnings.ret","fma.fcf.mgn","fma.psales","fma.tgt.price"
6,0.852,0.0502458343931471,0.133148189659172,"cum9m","fma.debt.assets","fma.earnings.ret","fma.fcf.mgn","fma.gross.margin","fma.psales","fma.roe"
6,0.802,0.0472700934900811,0.128187573057365,"cum9m","fma.asset.turn","fma.earnings.ret","fma.ebit.int.exp","fma.fcf.mgn","fma.gross.margin","fma.psales"
6,0.7981,0.0665860370845873,0.134663117516675,"cum9m","fma.asset.turn","fma.debt.assets","fma.earnings.ret","fma.fcf.mgn","fma.gross.margin","fma.pcfx"
6,0.6466,0.0601260631412196,0.143089703158847,"fma.asset.turn","fma.debt.assets","fma.earnings.ret","fma.fcf.mgn","fma.gross.margin","fma.psales","fma.tgt.price"
6,0.8198,0.0757537929146056,0.137287085107803,"cum9m","fma.asset.turn","fma.debt.assets","fma.debt.eq","fma.fcf.mgn","fma.gross.margin","fma.psales"
6,0.6616,0.0672847187380933,0.138237181666891,"cum9m","fma.debt.assets","fma.earnings.ret","fma.fcf.mgn","fma.gross.margin","fma.pfcf","fma.psales"
6,0.6781,0.06598866442533,0.131492547510605,"cum9m","fma.asset.turn","fma.debt.assets","fma.earnings.ret","fma.ebit.int.exp","fma.fcf.mgn","fma.psales"
6,0.473,0.0641318564142513,0.127246937730195,"cum9m","fma.advancers.vol","fma.debt.assets","fma.earnings.ret","fma.fcf.mgn","fma.gross.margin","fma.psales"
6,0.3623,0.0536071889761141,0.123524937831294,"fma.asset.turn","fma.debt.assets","fma.earnings.ret","fma.eval.fcf","fma.fcf.mgn","fma.gross.margin","fma.psales"
6,0.7484,0.0492494692847845,0.130210188398178,"fma.asset.turn","fma.debt.assets","fma.earnings.ret","fma.fcf.mgn","fma.gross.margin","fma.pct.below.mavg","fma.psales"
6,0.7327,0.0587383622101815,0.129701822785212,"cum9m","fma.asset.turn","fma.debt.assets","fma.earnings.ret","fma.fcf.mgn","fma.net.mgn","fma.psales"
6,0.7463,0.0515412206316405,0.130677343322408,"cum9m","fma.debt.assets","fma.earnings.ret","fma.fcf.mgn","fma.gross.margin","fma.net.mgn","fma.psales"
6,0.8725,0.0472939441577864,0.126789372291083,"cum9m","fma.asset.turn","fma.earnings.ret","fma.fcf.mgn","fma.gross.margin","fma.midcap.pct","fma.psales"
6,0.7949,0.0557958265138762,0.128791971010415,"cum9m","fma.asset.turn","fma.decliners.pct","fma.earnings.ret","fma.fcf.mgn","fma.gross.margin","fma.psales"
6,0.739,0.0464671682549155,0.125973810552159,"cum9m","fma.debt.assets","fma.earnings.ret","fma.fcf.mgn","fma.gross.margin","fma.pe","fma.psales"
6,0.7819,0.0594983798219854,0.130542366201362,"cum9m","fma.asset.turn","fma.debt.assets","fma.earnings.ret","fma.ebitda.margin","fma.fcf.mgn","fma.psales"
6,0.7265,0.0776605376153877,0.138839278987805,"fma.asset.turn","fma.debt.assets","fma.earnings.ret","fma.fcf.mgn","fma.gross.margin","fma.pfcf","fma.psales"
6,0.5526,0.0636902439304782,0.133264759898832,"cum9m","fma.advancers","fma.asset.turn","fma.debt.assets","fma.earnings.ret","fma.fcf.mgn","fma.psales"
6,0.4104,0.0664094723610352,0.131848982126945,"cum9m","fma.asset.turn","fma.debt.assets","fma.decliners","fma.earnings.ret","fma.gross.margin","fma.psales"
6,0.6787,0.0324980728916793,0.119580252210555,"cum9m","fma.asset.turn","fma.debt.assets","fma.earnings.ret","fma.fcf.mgn","fma.midcap.pct","fma.psales"
6,0.5577,0.06811662072106,0.134280672598117,"fma.asset.turn","fma.debt.assets","fma.debt.ebitda","fma.earnings.ret","fma.fcf.mgn","fma.gross.margin","fma.psales"
6,0.4484,0.0549228182595553,0.125828317878891,"cum9m","fma.asset.turn","fma.debt.assets","fma.earnings.ret","fma.fcf.mgn","fma.gross.margin","fma.hhi"
6,0.5509,0.0563006358965564,0.12874514455678,"cum9m","fma.asset.turn","fma.debt.assets","fma.debt.ebitda","fma.earnings.ret","fma.gross.margin","fma.psales"
6,0.848,0.062009186445443,0.134532216468437,"cum9m","fma.debt.assets","fma.earnings.ret","fma.fcf.mgn","fma.gross.margin","fma.psales","fma.roa"
6,0.5342,0.0479949259375117,0.120915689107698,"cum9m","fma.asset.turn","fma.debt.assets","fma.earnings.ret","fma.eval.fcf","fma.fcf.mgn","fma.gross.margin"
6,0.7259,0.0557254389995264,0.133696901845255,"fma.asset.turn","fma.debt.assets","fma.earnings.ret","fma.ebit.int.exp","fma.fcf.mgn","fma.gross.margin","fma.psales"
6,0.7204,0.0846490732804438,0.139011094129191,"fma.asset.turn","fma.debt.assets","fma.earnings.ret","fma.fcf.mgn","fma.gross.margin","fma.pcf","fma.psales"
6,0.6406,0.0686998246213509,0.140170500482655,"cum9m","fma.advancers.net","fma.debt.assets","fma.earnings.ret","fma.fcf.mgn","fma.gross.margin","fma.psales"
6,0.7786,0.0417237499866727,0.130424199903675,"cum9m","fma.asset.turn","fma.debt.assets","fma.earnings.ret","fma.ebita.debt","fma.fcf.mgn","fma.gross.margin"
6,0.7718,0.0653544402173732,0.140246322253565,"cum9m","fma.asset.turn","fma.debt.assets","fma.earnings.ret","fma.fcf.mgn","fma.gross.margin","fma.payout"
6,0.3811,0.0609211177688677,0.126079141109788,"cum9m","fma.asset.turn","fma.debt.assets","fma.decliners","fma.earnings.ret","fma.fcf.mgn","fma.psales"
6,0.4269,0.0609258424959147,0.121162911441199,"cum9m","fma.asset.turn","fma.debt.assets","fma.earnings.ret","fma.fcf.mgn","fma.hhi","fma.psales"
6,0.5756,0.0671211020928859,0.130927898399205,"cum9m","fma.asset.turn","fma.debt.assets","fma.earnings.ret","fma.ebitda.int.exp","fma.fcf.mgn","fma.psales"
6,0.7069,0.0720158360589079,0.141260219626031,"cum9m","fma.asset.turn","fma.debt.assets","fma.earnings.ret","fma.gross.margin","fma.mcap.wavg","fma.psales"
6,0.4948,0.0648718257412548,0.139864780998814,"cum9m","fma.asset.turn","fma.debt.assets","fma.earnings.ret","fma.fcf.mgn","fma.gross.margin","fma.mcap"
6,0.7214,0.05301711004436,0.129719814868896,"cum9m","fma.asset.turn","fma.debt.assets","fma.earnings.ret","fma.fcf.mgn","fma.ltg.eps","fma.psales"
6,0.7203,0.0562608821545669,0.128671779639792,"cum9m","fma.asset.turn","fma.debt.assets","fma.earnings.ret","fma.gross.margin","fma.pe","fma.psales"
6,0.748,0.0630457814426166,0.140807643447826,"cum9m","fma.advancers.pct","fma.debt.assets","fma.earnings.ret","fma.fcf.mgn","fma.gross.margin","fma.psales"
6,0.739,0.0464671682549155,0.125973810552159,"cum9m","fma.debt.assets","fma.earnings.ret","fma.fcf.mgn","fma.gross.margin","fma.pe","fma.psales"
6,0.7041,0.0912471496469366,0.140863614716878,"cum9m","fma.asset.turn","fma.debt.assets","fma.fcf.mgn","fma.gross.margin","fma.pcf","fma.psales"
6,0.7255,0.0567240018082745,0.126666460125057,"cum9m","fma.debt.assets","fma.earnings.ret","fma.fcf.mgn","fma.gross.margin","fma.pcfx","fma.psales"
6,0.7695,0.0671738866958531,0.135876486505395,"cum9m","fma.asset.turn","fma.debt.assets","fma.earnings.ret","fma.gross.margin","fma.net.mgn","fma.psales"
6,0.7448,0.0566770063613755,0.13942292881441,"cum9m","fma.asset.turn","fma.debt.assets","fma.earnings.ret","fma.gross.margin","fma.psales","fma.tgt.price"
6,0.7888,0.054374759969157,0.137762831192173,"cum9m","fma.advancers.pct","fma.asset.turn","fma.debt.assets","fma.earnings.ret","fma.fcf.mgn","fma.gross.margin"
6,0.848,0.062009186445443,0.134532216468437,"cum9m","fma.debt.assets","fma.earnings.ret","fma.fcf.mgn","fma.gross.margin","fma.psales","fma.roa"
6,0.8177,0.066184577596339,0.131589967622872,"cum9m","fma.asset.turn","fma.debt.assets","fma.fcf.mgn","fma.gross.margin","fma.pe","fma.psales"
6,0.7843,0.0800507944988797,0.143215627766173,"cum9m","fma.asset.turn","fma.debt.assets","fma.fcf.mgn","fma.gross.margin","fma.ltg.eps","fma.psales"
6,0.5283,0.0630227512050783,0.134637095389826,"cum9m","fma.advancers.net","fma.asset.turn","fma.debt.assets","fma.earnings.ret","fma.fcf.mgn","fma.psales"
6,0.7561,0.0850694918749087,0.145700081793495,"cum9m","fma.advancers.pct","fma.asset.turn","fma.debt.assets","fma.fcf.mgn","fma.gross.margin","fma.psales"
6,0.4812,0.0636670975352971,0.124812397810528,"fma.asset.turn","fma.debt.assets","fma.earnings.ret","fma.fcf.mgn","fma.gross.margin","fma.hhi","fma.psales"
6,0.737,0.0946644064288108,0.146313932202309,"cum9m","fma.asset.turn","fma.debt.assets","fma.fcf.mgn","fma.fcf.yield","fma.gross.margin","fma.psales"
6,0.8022,0.0576242362653888,0.132407628665942,"cum9m","fma.asset.turn","fma.earnings.ret","fma.fcf.mgn","fma.gross.margin","fma.pct.below.mavg","fma.psales"
6,0.7378,0.0876456580735934,0.150060869020765,"cum9m","fma.asset.turn","fma.debt.assets","fma.fcf.mgn","fma.gross.margin","fma.price.idx","fma.psales"
6,0.5371,0.0726829393841217,0.133704604639859,"cum9m","fma.asset.turn","fma.decliners","fma.earnings.ret","fma.fcf.mgn","fma.gross.margin","fma.psales"
6,0.7602,0.0668167917484692,0.134199375078479,"cum9m","fma.asset.turn","fma.debt.assets","fma.fcf.mgn","fma.gross.margin","fma.midcap.pct","fma.psales"
6,0.6435,0.0880382175553799,0.139773052303847,"cum9m","fma.asset.turn","fma.debt.assets","fma.fcf.mgn","fma.gross.margin","fma.payout","fma.psales"
6,0.7888,0.054374759969157,0.137762831192173,"cum9m","fma.advancers.pct","fma.asset.turn","fma.debt.assets","fma.earnings.ret","fma.fcf.mgn","fma.gross.margin"
6,0.8059,0.0724046352520598,0.144447285129005,"cum9m","fma.asset.turn","fma.earnings.ret","fma.fcf.mgn","fma.gross.margin","fma.psales","fma.tgt.price"
6,0.7744,0.0823815383501429,0.137455469298851,"fma.asset.turn","fma.debt.assets","fma.earnings.ret","fma.fcf.mgn","fma.gross.margin","fma.pcfx","fma.psales"
6,0.7172,0.056854693981746,0.132154073806951,"fma.asset.turn","fma.debt.assets","fma.earnings.ret","fma.ebitda.margin","fma.fcf.mgn","fma.gross.margin","fma.psales"
6,0.6937,0.0581762003083094,0.13677384204563,"cum9m","fma.advancers.pct","fma.asset.turn","fma.debt.assets","fma.earnings.ret","fma.gross.margin","fma.psales"
6,0.6882,0.0544264728586437,0.125938383783813,"cum9m","fma.asset.turn","fma.debt.assets","fma.earnings.ret","fma.gross.margin","fma.pex","fma.psales"
6,0.8263,0.0372125667149768,0.125657596802977,"cum9m","fma.asset.turn","fma.debt.assets","fma.debt.eq","fma.earnings.ret","fma.fcf.mgn","fma.gross.margin"
6,0.6253,0.0569226111174222,0.137309821609848,"cum9m","fma.asset.turn","fma.debt.assets","fma.earnings.ret","fma.fcf.mgn","fma.price.idx","fma.psales"
6,0.651,0.0386323939264792,0.119895768689935,"cum9m","fma.asset.turn","fma.debt.assets","fma.earnings.ret","fma.fcf.mgn","fma.pe","fma.psales"
6,0.6937,0.0581762003083094,0.13677384204563,"cum9m","fma.advancers.pct","fma.asset.turn","fma.debt.assets","fma.earnings.ret","fma.gross.margin","fma.psales"
6,0.8002,0.0604356781263902,0.128422327744446,"cum9m","fma.asset.turn","fma.earnings.ret","fma.fcf.mgn","fma.gross.margin","fma.pcfx","fma.psales"
6,0.7647,0.0873414711367548,0.139593089424429,"cum9m","fma.asset.turn","fma.debt.assets","fma.ebitda.int.exp","fma.fcf.mgn","fma.gross.margin","fma.psales"
6,0.7833,0.0457611432296663,0.130547198881061,"cum9m","fma.debt.assets","fma.earnings.ret","fma.fcf.mgn","fma.gross.margin","fma.pct.above.mavg","fma.psales"
6,0.7327,0.0587383622101815,0.129701822785212,"cum9m","fma.asset.turn","fma.debt.assets","fma.earnings.ret","fma.fcf.mgn","fma.net.mgn","fma.psales"
6,0.8315,0.0273833116463102,0.121690798615478,"fma.asset.turn","fma.debt.assets","fma.earnings.ret","fma.fcf.mgn","fma.gross.margin","fma.lgcap.pct","fma.psales"
6,0.8323,0.0500622747982083,0.134528332247894,"cum9m","fma.asset.turn","fma.debt.assets","fma.earnings.ret","fma.fcf.mgn","fma.gross.margin","fma.ltg.eps"
6,0.6642,0.0787888169216005,0.138784748941466,"cum9m","fma.asset.turn","fma.debt.assets","fma.fcf.mgn","fma.gross.margin","fma.net.mgn","fma.psales"
6,0.7102,0.0604618102265687,0.13100062967141,"cum9m","fma.debt.assets","fma.debt.ebitda","fma.earnings.ret","fma.fcf.mgn","fma.gross.margin","fma.psales"
6,0.7749,0.0257248724187377,0.120996740337178,"cum9m","fma.debt.assets","fma.earnings.ret","fma.fcf.mgn","fma.gross.margin","fma.lgcap.pct","fma.psales"
6,0.6359,0.0781130258297245,0.136924755474372,"cum9m","fma.asset.turn","fma.debt.assets","fma.fcf.mgn","fma.gross.margin","fma.hldgs.chg","fma.psales"
6,0.7649,0.0569620838829477,0.130878090600471,"cum9m","fma.debt.assets","fma.div.yld","fma.earnings.ret","fma.fcf.mgn","fma.gross.margin","fma.psales"
6,0.6781,0.06598866442533,0.131492547510605,"cum9m","fma.asset.turn","fma.debt.assets","fma.earnings.ret","fma.ebit.int.exp","fma.fcf.mgn","fma.psales"
6,0.7324,0.0484293148341336,0.12457856989854,"cum9m","fma.asset.turn","fma.debt.assets","fma.earnings.ret","fma.fcf.mgn","fma.ndebt.ebitda","fma.psales"
6,0.7457,0.0540833793674993,0.127382804292253,"cum9m","fma.debt.assets","fma.earnings.ret","fma.fcf.mgn","fma.gross.margin","fma.ndebt.ebitda","fma.psales"
6,0.7685,0.077451069551004,0.14003278390324,"cum9m","fma.asset.turn","fma.debt.assets","fma.fcf.mgn","fma.gross.margin","fma.pbk","fma.psales"
6,0.9582,0.0632678280865252,0.136934629883372,"cum9m","fma.asset.turn","fma.debt.assets","fma.earnings.ret","fma.gross.margin","fma.psales","fma.roic"
6,0.4496,0.0711398682878335,0.139431909250017,"cum9m","fma.asset.turn","fma.earnings.ret","fma.fcf.mgn","fma.gross.margin","fma.psales","fma.share.turnover"
6,0.7825,0.0921551849181381,0.144002596677366,"fma.asset.turn","fma.debt.assets","fma.earnings.ret","fma.fcf.mgn","fma.gross.margin","fma.payout","fma.psales"
6,0.885,0.069192383764444,0.129379929513457,"cum9m","fma.asset.turn","fma.assets.eq","fma.earnings.ret","fma.fcf.mgn","fma.gross.margin","fma.psales"
6,0.5764,0.09053835923302,0.146131737806238,"cum9m","fma.advancers","fma.asset.turn","fma.debt.assets","fma.fcf.mgn","fma.gross.margin","fma.psales"
6,0.7719,0.0550728470571441,0.130228637588058,"cum9m","fma.asset.turn","fma.debt.assets","fma.earnings.ret","fma.ebita.debt","fma.fcf.mgn","fma.psales"
6,0.6407,0.0334797524068839,0.115926821385506,"cum9m","fma.asset.turn","fma.debt.assets","fma.decliners.pct","fma.earnings.ret","fma.fcf.mgn","fma.psales"
6,0.7593,0.0969420102622328,0.14722520836685,"cum9m","fma.asset.turn","fma.debt.assets","fma.fcf.mgn","fma.gross.margin","fma.mcap.wavg","fma.psales"
6,0.6538,0.0550174738975933,0.130845945248388,"fma.asset.turn","fma.debt.assets","fma.earnings.ret","fma.ebitda.int.exp","fma.fcf.mgn","fma.gross.margin","fma.psales"
6,0.7853,0.0745514090894532,0.133656391562784,"cum9m","fma.asset.turn","fma.debt.assets","fma.decliners.pct","fma.fcf.mgn","fma.gross.margin","fma.psales"
6,0.7758,0.0489759669353988,0.128375063600299,"cum9m","fma.asset.turn","fma.earnings.ret","fma.ebitda.int.exp","fma.fcf.mgn","fma.gross.margin","fma.psales"
6,0.8195,0.083826699157965,0.14530579409208,"cum9m","fma.asset.turn","fma.debt.assets","fma.earnings.ret","fma.gross.margin","fma.pfcf","fma.psales"
6,0.7426,0.079236294309904,0.138804268854657,"cum9m","fma.asset.turn","fma.debt.assets","fma.fcf.mgn","fma.gross.margin","fma.pretax.mgn","fma.psales"
6,0.7693,0.0868210677232267,0.14037973322088,"cum9m","fma.asset.turn","fma.debt.assets","fma.fcf.mgn","fma.gross.margin","fma.pex","fma.psales"
6,0.473,0.0641318564142513,0.127246937730195,"cum9m","fma.advancers.vol","fma.debt.assets","fma.earnings.ret","fma.fcf.mgn","fma.gross.margin","fma.psales"
6,0.5876,0.0490146446153731,0.124260824833718,"cum9m","fma.asset.turn","fma.debt.assets","fma.earnings.ret","fma.fcf.mgn","fma.pcf","fma.psales"
6,0.6538,0.0550174738975933,0.130845945248388,"fma.asset.turn","fma.debt.assets","fma.earnings.ret","fma.ebitda.int.exp","fma.fcf.mgn","fma.gross.margin","fma.psales"
6,0.7758,0.0489759669353988,0.128375063600299,"cum9m","fma.asset.turn","fma.earnings.ret","fma.ebitda.int.exp","fma.fcf.mgn","fma.gross.margin","fma.psales"
6,0.8198,0.0757537929146056,0.137287085107803,"cum9m","fma.asset.turn","fma.debt.assets","fma.debt.eq","fma.fcf.mgn","fma.gross.margin","fma.psales"
6,0.8502,0.0536261049636334,0.132713735005915,"cum9m","fma.asset.turn","fma.earnings.ret","fma.fcf.mgn","fma.gross.margin","fma.psales","fma.roic"
6,0.6703,0.068007844139691,0.138857471369002,"cum9m","fma.advancers","fma.debt.assets","fma.earnings.ret","fma.fcf.mgn","fma.gross.margin","fma.psales"
6,0.9582,0.0632678280865252,0.136934629883372,"cum9m","fma.asset.turn","fma.debt.assets","fma.earnings.ret","fma.gross.margin","fma.psales","fma.roic"
6,0.7335,0.0489867070699895,0.132705183619503,"cum9m","fma.asset.turn","fma.debt.assets","fma.earnings.ret","fma.ebitda.margin","fma.fcf.mgn","fma.gross.margin"
6,0.7484,0.0492494692847845,0.130210188398178,"fma.asset.turn","fma.debt.assets","fma.earnings.ret","fma.fcf.mgn","fma.gross.margin","fma.pct.below.mavg","fma.psales"
6,0.7172,0.056854693981746,0.132154073806951,"fma.asset.turn","fma.debt.assets","fma.earnings.ret","fma.ebitda.margin","fma.fcf.mgn","fma.gross.margin","fma.psales"
6,0.7671,0.0598784376615895,0.138430553492207,"cum9m","fma.advancers","fma.asset.turn","fma.debt.assets","fma.earnings.ret","fma.fcf.mgn","fma.gross.margin"
6,0.7703,0.0583682974219621,0.132137414794056,"cum9m","fma.asset.turn","fma.earnings.ret","fma.fcf.mgn","fma.fcf.yield","fma.gross.margin","fma.psales"
6,0.4371,0.0891623984512707,0.13716278384874,"cum9m","fma.asset.turn","fma.debt.assets","fma.decliners","fma.fcf.mgn","fma.gross.margin","fma.psales"
6,0.3659,0.0681837544096238,0.139999438479047,"fma.asset.turn","fma.debt.assets","fma.earnings.ret","fma.fcf.mgn","fma.gross.margin","fma.psales","fma.share.turnover"
6,0.5756,0.0671211020928859,0.130927898399205,"cum9m","fma.asset.turn","fma.debt.assets","fma.earnings.ret","fma.ebitda.int.exp","fma.fcf.mgn","fma.psales"
6,0.7833,0.0457611432296663,0.130547198881061,"cum9m","fma.debt.assets","fma.earnings.ret","fma.fcf.mgn","fma.gross.margin","fma.pct.above.mavg","fma.psales"
6,0.3816,0.0690397092073261,0.130259370270625,"fma.advancers.vol","fma.asset.turn","fma.debt.assets","fma.earnings.ret","fma.fcf.mgn","fma.gross.margin","fma.psales"
6,0.538,0.0546938358887729,0.130070648920865,"fma.asset.turn","fma.debt.assets","fma.earnings.ret","fma.fcf.mgn","fma.gross.margin","fma.hldgs.chg","fma.psales"
6,0.7671,0.0598784376615895,0.138430553492207,"cum9m","fma.advancers","fma.asset.turn","fma.debt.assets","fma.earnings.ret","fma.fcf.mgn","fma.gross.margin"
6,0.6828,0.0573817020747711,0.131785157144379,"cum9m","fma.debt.assets","fma.earnings.ret","fma.fcf.mgn","fma.gross.margin","fma.hldgs.chg","fma.psales"
6,0.7858,0.0504881393311803,0.133578672942491,"cum9m","fma.asset.turn","fma.debt.assets","fma.earnings.ret","fma.fcf.mgn","fma.gross.margin","fma.rating.chg"
6,0.8544,0.0541762997637897,0.129764959497116,"cum9m","fma.asset.turn","fma.debt.assets","fma.earnings.ret","fma.gross.margin","fma.psales","fma.roa"
6,0.7513,0.0448499943147999,0.124819835262845,"cum9m","fma.asset.turn","fma.debt.assets","fma.debt.eq","fma.earnings.ret","fma.fcf.mgn","fma.psales"
6,0.8175,0.0642469939061259,0.132081113296749,"cum9m","fma.asset.turn","fma.earnings.ret","fma.fcf.mgn","fma.gross.margin","fma.pcf","fma.psales"
6,0.451,0.0528199421551181,0.129886199353677,"cum9m","fma.asset.turn","fma.debt.assets","fma.earnings.ret","fma.fcf.mgn","fma.psales","fma.smlcap.pct"
6,0.739,0.0464671682549155,0.125973810552159,"cum9m","fma.debt.assets","fma.earnings.ret","fma.fcf.mgn","fma.gross.margin","fma.pe","fma.psales"
6,0.524,0.0697421521695366,0.135558825500929,"cum9m","fma.debt.assets","fma.earnings.ret","fma.fcf.mgn","fma.gross.margin","fma.psales","fma.smlcap.pct"
6,0.7204,0.0846490732804438,0.139011094129191,"fma.asset.turn","fma.debt.assets","fma.earnings.ret","fma.fcf.mgn","fma.gross.margin","fma.pcf","fma.psales"
6,0.7335,0.0489867070699895,0.132705183619503,"cum9m","fma.asset.turn","fma.debt.assets","fma.earnings.ret","fma.ebitda.margin","fma.fcf.mgn","fma.gross.margin"
6,0.7448,0.0566770063613755,0.13942292881441,"cum9m","fma.asset.turn","fma.debt.assets","fma.earnings.ret","fma.gross.margin","fma.psales","fma.tgt.price"
6,0.7849,0.0383353887017615,0.119667398651003,"cum9m","fma.asset.turn","fma.earnings.ret","fma.fcf.mgn","fma.gross.margin","fma.ltd.tcap","fma.psales"
6,0.6609,0.0737506565027474,0.138473334059237,"cum9m","fma.asset.turn","fma.debt.assets","fma.earnings.ret","fma.gross.margin","fma.payout","fma.psales"
6,0.469,0.0547226877634286,0.120010805167277,"cum9m","fma.asset.turn","fma.earnings.ret","fma.eval.fcf","fma.fcf.mgn","fma.gross.margin","fma.psales"
6,0.73,0.0597927446917665,0.131040894787976,"fma.asset.turn","fma.debt.assets","fma.earnings.ret","fma.fcf.mgn","fma.gross.margin","fma.pbk","fma.psales"
6,0.6882,0.0544264728586437,0.125938383783813,"cum9m","fma.asset.turn","fma.debt.assets","fma.earnings.ret","fma.gross.margin","fma.pex","fma.psales"
6,0.8467,0.0469916339719588,0.129826469826578,"cum9m","fma.asset.turn","fma.earnings.ret","fma.fcf.mgn","fma.gross.margin","fma.pct.above.mavg","fma.psales"
6,0.7494,0.0466263412337838,0.129844013829265,"cum9m","fma.asset.turn","fma.debt.assets","fma.earnings.ret","fma.fcf.mgn","fma.gross.margin","fma.hldgs.chg"
6,0.7967,0.0622109776488719,0.142562745654146,"cum9m","fma.asset.turn","fma.debt.assets","fma.earnings.ret","fma.fcf.mgn","fma.gross.margin","fma.tgt.price"
6,0.4799,0.0793927904377065,0.139646754825574,"cum9m","fma.asset.turn","fma.debt.assets","fma.fcf.mgn","fma.gross.margin","fma.psales","fma.smlcap.pct"
6,0.8127,0.0424372916830923,0.119663857343814,"cum9m","fma.debt.assets","fma.earnings.ret","fma.fcf.mgn","fma.gross.margin","fma.ltd.tcap","fma.psales"
6,0.5592,0.0459208484943623,0.120213303600903,"cum9m","fma.asset.turn","fma.debt.assets","fma.debt.ebitda","fma.earnings.ret","fma.fcf.mgn","fma.psales"
6,0.719,0.0719016621432201,0.132905702022704,"cum9m","fma.asset.turn","fma.assets.eq","fma.debt.assets","fma.earnings.ret","fma.gross.margin","fma.psales"
6,0.7561,0.0850694918749087,0.145700081793495,"cum9m","fma.advancers.pct","fma.asset.turn","fma.debt.assets","fma.fcf.mgn","fma.gross.margin","fma.psales"
6,0.688,0.0390236041760332,0.123213548453561,"cum9m","fma.asset.turn","fma.debt.assets","fma.decliners.pct","fma.earnings.ret","fma.gross.margin","fma.psales"
6,0.5301,0.0463022879564475,0.127267349896848,"cum9m","fma.asset.turn","fma.debt.assets","fma.earnings.ret","fma.gross.margin","fma.hldgs.chg","fma.psales"
6,0.4269,0.0609258424959147,0.121162911441199,"cum9m","fma.asset.turn","fma.debt.assets","fma.earnings.ret","fma.fcf.mgn","fma.hhi","fma.psales"
6,0.7815,0.0750173812356055,0.138116018623965,"cum9m","fma.asset.turn","fma.debt.assets","fma.fcf.mgn","fma.gross.margin","fma.psales","fma.roa"
6,0.6387,0.058893643807121,0.137826360095569,"cum9m","fma.asset.turn","fma.debt.assets","fma.earnings.ret","fma.fcf.mgn","fma.psales","fma.tgt.price"
6,0.7849,0.0383353887017615,0.119667398651003,"cum9m","fma.asset.turn","fma.earnings.ret","fma.fcf.mgn","fma.gross.margin","fma.ltd.tcap","fma.psales"
6,0.6466,0.0601260631412196,0.143089703158847,"fma.asset.turn","fma.debt.assets","fma.earnings.ret","fma.fcf.mgn","fma.gross.margin","fma.psales","fma.tgt.price"
6,0.4231,0.0711394779924892,0.134461171354477,"fma.asset.turn","fma.debt.assets","fma.decliners","fma.earnings.ret","fma.fcf.mgn","fma.gross.margin","fma.psales"
6,0.7858,0.0504881393311803,0.133578672942491,"cum9m","fma.asset.turn","fma.debt.assets","fma.earnings.ret","fma.fcf.mgn","fma.gross.margin","fma.rating.chg"
6,0.7631,0.0560606227034061,0.133732257935573,"cum9m","fma.asset.turn","fma.earnings.ret","fma.fcf.mgn","fma.gross.margin","fma.psales","fma.rating.chg"
6,0.7777,0.0443607579356325,0.128739878599006,"cum9m","fma.asset.turn","fma.earnings.ret","fma.ebita.debt","fma.fcf.mgn","fma.gross.margin","fma.psales"
6,0.5972,0.0608999993301748,0.132718887084595,"cum9m","fma.asset.turn","fma.debt.assets","fma.decliners","fma.earnings.ret","fma.fcf.mgn","fma.gross.margin"
6,0.7188,0.0891948277934065,0.137890567847125,"cum9m","fma.asset.turn","fma.debt.assets","fma.div.yld","fma.fcf.mgn","fma.gross.margin","fma.psales"
6,0.8157,0.0528467888210767,0.13443814280892,"fma.asset.turn","fma.debt.assets","fma.earnings.ret","fma.fcf.mgn","fma.gross.margin","fma.psales","fma.roe"
6,0.8467,0.0469916339719588,0.129826469826578,"cum9m","fma.asset.turn","fma.earnings.ret","fma.fcf.mgn","fma.gross.margin","fma.pct.above.mavg","fma.psales"
6,0.5034,0.0515106472570875,0.12077419679329,"cum9m","fma.debt.assets","fma.earnings.ret","fma.eval.fcf","fma.fcf.mgn","fma.gross.margin","fma.psales"
6,0.6031,0.064799471907659,0.13326079794216,"cum9m","fma.asset.turn","fma.debt.assets","fma.earnings.ret","fma.fcf.mgn","fma.fcf.yield","fma.psales"
6,0.5269,0.0614470566869839,0.122686056498518,"cum9m","fma.asset.turn","fma.assets.eq","fma.debt.assets","fma.earnings.ret","fma.fcf.mgn","fma.psales"
6,0.7276,0.0916024039946784,0.151290477478439,"cum9m","fma.asset.turn","fma.debt.assets","fma.fcf.mgn","fma.gross.margin","fma.psales","fma.tgt.price"
6,0.5371,0.0726829393841217,0.133704604639859,"cum9m","fma.asset.turn","fma.decliners","fma.earnings.ret","fma.fcf.mgn","fma.gross.margin","fma.psales"
6,0.6406,0.0686998246213509,0.140170500482655,"cum9m","fma.advancers.net","fma.debt.assets","fma.earnings.ret","fma.fcf.mgn","fma.gross.margin","fma.psales"
6,0.5039,0.0613983721760527,0.124729608397748,"cum9m","fma.asset.turn","fma.debt.assets","fma.earnings.ret","fma.gross.margin","fma.hhi","fma.psales"
6,0.9582,0.0632678280865252,0.136934629883372,"cum9m","fma.asset.turn","fma.debt.assets","fma.earnings.ret","fma.gross.margin","fma.psales","fma.roic"
6,0.7312,0.0664982492423935,0.133083595398304,"cum9m","fma.asset.turn","fma.debt.assets","fma.div.yld","fma.earnings.ret","fma.gross.margin","fma.psales"
6,0.5517,0.0709198867517054,0.136558536907759,"cum9m","fma.asset.turn","fma.earnings.ret","fma.fcf.mgn","fma.gross.margin","fma.psales","fma.smlcap.pct"
6,0.8142,0.0554095469251203,0.13329264218733,"cum9m","fma.debt.assets","fma.earnings.ret","fma.fcf.mgn","fma.gross.margin","fma.ltg.eps","fma.psales"
6,0.5961,0.0428284788708041,0.11994932258725,"cum9m","fma.asset.turn","fma.debt.assets","fma.earnings.ret","fma.fcf.mgn","fma.pcfx","fma.psales"
6,0.7463,0.0515412206316405,0.130677343322408,"cum9m","fma.debt.assets","fma.earnings.ret","fma.fcf.mgn","fma.gross.margin","fma.net.mgn","fma.psales"
6,0.6915,0.0475166604327688,0.131670494422959,"cum9m","fma.asset.turn","fma.debt.assets","fma.earnings.ret","fma.fcf.mgn","fma.gross.margin","fma.roa"
6,0.7981,0.0665860370845873,0.134663117516675,"cum9m","fma.asset.turn","fma.debt.assets","fma.earnings.ret","fma.fcf.mgn","fma.gross.margin","fma.pcfx"
6,0.473,0.0641318564142513,0.127246937730195,"cum9m","fma.advancers.vol","fma.debt.assets","fma.earnings.ret","fma.fcf.mgn","fma.gross.margin","fma.psales"
6,0.869,0.0535559846862131,0.130193445519698,"cum9m","fma.asset.turn","fma.earnings.ret","fma.fcf.mgn","fma.gross.margin","fma.pbk","fma.psales"
6,0.737,0.0946644064288108,0.146313932202309,"cum9m","fma.asset.turn","fma.debt.assets","fma.fcf.mgn","fma.fcf.yield","fma.gross.margin","fma.psales"
6,0.7819,0.0594983798219854,0.130542366201362,"cum9m","fma.asset.turn","fma.debt.assets","fma.earnings.ret","fma.ebitda.margin","fma.fcf.mgn","fma.psales"
6,0.73,0.0597927446917665,0.131040894787976,"fma.asset.turn","fma.debt.assets","fma.earnings.ret","fma.fcf.mgn","fma.gross.margin","fma.pbk","fma.psales"
6,0.6363,0.0547200733492633,0.130778177160457,"cum9m","fma.asset.turn","fma.debt.assets","fma.debt.ebitda","fma.earnings.ret","fma.fcf.mgn","fma.gross.margin"
6,0.8259,0.0512471448981281,0.130162087689192,"cum9m","fma.asset.turn","fma.earnings.ret","fma.fcf.mgn","fma.gross.margin","fma.pretax.mgn","fma.psales"
6,0.8214,0.0602882547275015,0.141835488519261,"cum9m","fma.asset.turn","fma.debt.assets","fma.earnings.ret","fma.fcf.mgn","fma.gross.margin","fma.price.idx"
6,0.3816,0.0690397092073261,0.130259370270625,"fma.advancers.vol","fma.asset.turn","fma.debt.assets","fma.earnings.ret","fma.fcf.mgn","fma.gross.margin","fma.psales"
6,0.6359,0.0781130258297245,0.136924755474372,"cum9m","fma.asset.turn","fma.debt.assets","fma.fcf.mgn","fma.gross.margin","fma.hldgs.chg","fma.psales"
6,0.6406,0.0686998246213509,0.140170500482655,"cum9m","fma.advancers.net","fma.debt.assets","fma.earnings.ret","fma.fcf.mgn","fma.gross.margin","fma.psales"
6,0.869,0.0573098110125329,0.130814454448208,"cum9m","fma.debt.assets","fma.debt.eq","fma.earnings.ret","fma.fcf.mgn","fma.gross.margin","fma.psales"
6,0.6471,0.0745082140163047,0.137106403341214,"cum9m","fma.asset.turn","fma.debt.assets","fma.earnings.ret","fma.ebitda.margin","fma.gross.margin","fma.psales"
6,0.7893,0.0615362589729606,0.13605185719777,"cum9m","fma.asset.turn","fma.debt.assets","fma.div.yld","fma.earnings.ret","fma.fcf.mgn","fma.gross.margin"
6,0.7527,0.0550937435263971,0.133329266722075,"fma.asset.turn","fma.debt.assets","fma.earnings.ret","fma.fcf.mgn","fma.gross.margin","fma.psales","fma.rating.chg"
6,0.6278,0.0492661011435623,0.13005901661273,"fma.asset.turn","fma.debt.assets","fma.earnings.ret","fma.fcf.mgn","fma.gross.margin","fma.pretax.mgn","fma.psales"
6,0.6937,0.0581762003083094,0.13677384204563,"cum9m","fma.advancers.pct","fma.asset.turn","fma.debt.assets","fma.earnings.ret","fma.gross.margin","fma.psales"
6,0.7293,0.0507589944551144,0.13104405313368,"cum9m","fma.debt.assets","fma.earnings.ret","fma.fcf.mgn","fma.gross.margin","fma.pretax.mgn","fma.psales"
6,0.5371,0.0726829393841217,0.133704604639859,"cum9m","fma.asset.turn","fma.decliners","fma.earnings.ret","fma.fcf.mgn","fma.gross.margin","fma.psales"
6,0.7637,0.0562171919319233,0.130804509291727,"cum9m","fma.asset.turn","fma.debt.assets","fma.earnings.ret","fma.ebit.margin","fma.fcf.mgn","fma.psales"
6,0.759,0.0510480348531292,0.131626691424623,"cum9m","fma.debt.assets","fma.earnings.ret","fma.ebit.margin","fma.fcf.mgn","fma.gross.margin","fma.psales"
6,0.5139,0.062560795975096,0.134570016266231,"cum9m","fma.asset.turn","fma.debt.assets","fma.earnings.ret","fma.fcf.mgn","fma.mcap","fma.psales"
6,0.5283,0.0630227512050783,0.134637095389826,"cum9m","fma.advancers.net","fma.asset.turn","fma.debt.assets","fma.earnings.ret","fma.fcf.mgn","fma.psales"
6,0.9306,0.0655810465667368,0.13396040581942,"cum9m","fma.asset.turn","fma.div.yld","fma.earnings.ret","fma.fcf.mgn","fma.gross.margin","fma.psales"
6,0.5517,0.0709198867517054,0.136558536907759,"cum9m","fma.asset.turn","fma.earnings.ret","fma.fcf.mgn","fma.gross.margin","fma.psales","fma.smlcap.pct"
6,0.8502,0.0536261049636334,0.132713735005915,"cum9m","fma.asset.turn","fma.earnings.ret","fma.fcf.mgn","fma.gross.margin","fma.psales","fma.roic"
6,0.688,0.0390236041760332,0.123213548453561,"cum9m","fma.asset.turn","fma.debt.assets","fma.decliners.pct","fma.earnings.ret","fma.gross.margin","fma.psales"
6,0.7081,0.0390792173862759,0.12489530899579,"cum9m","fma.asset.turn","fma.debt.assets","fma.earnings.ret","fma.gross.margin","fma.pct.below.mavg","fma.psales"
6,0.6359,0.0781130258297245,0.136924755474372,"cum9m","fma.asset.turn","fma.debt.assets","fma.fcf.mgn","fma.gross.margin","fma.hldgs.chg","fma.psales"
6,0.9306,0.0655810465667368,0.13396040581942,"cum9m","fma.asset.turn","fma.div.yld","fma.earnings.ret","fma.fcf.mgn","fma.gross.margin","fma.psales"
6,0.7671,0.0598784376615895,0.138430553492207,"cum9m","fma.advancers","fma.asset.turn","fma.debt.assets","fma.earnings.ret","fma.fcf.mgn","fma.gross.margin"
6,0.7195,0.0744636154815255,0.139339046416671,"cum9m","fma.asset.turn","fma.debt.assets","fma.fcf.mgn","fma.gross.margin","fma.pct.below.mavg","fma.psales"
6,0.77,0.0369729051100615,0.12184850542,"cum9m","fma.asset.turn","fma.debt.assets","fma.earnings.ret","fma.fcf.mgn","fma.gross.margin","fma.ltd.tcap"
6,0.7409,0.05192888506418,0.133052054285896,"fma.asset.turn","fma.debt.assets","fma.earnings.ret","fma.fcf.mgn","fma.gross.margin","fma.ltg.eps","fma.psales"
6,0.7255,0.0567240018082745,0.126666460125057,"cum9m","fma.debt.assets","fma.earnings.ret","fma.fcf.mgn","fma.gross.margin","fma.pcfx","fma.psales"
6,0.885,0.069192383764444,0.129379929513457,"cum9m","fma.asset.turn","fma.assets.eq","fma.earnings.ret","fma.fcf.mgn","fma.gross.margin","fma.psales"
6,0.7523,0.0525848558421642,0.129545042080466,"cum9m","fma.asset.turn","fma.earnings.ret","fma.fcf.mgn","fma.gross.margin","fma.net.mgn","fma.psales"
6,0.7523,0.0525848558421642,0.129545042080466,"cum9m","fma.asset.turn","fma.earnings.ret","fma.fcf.mgn","fma.gross.margin","fma.net.mgn","fma.psales"
6,0.7602,0.0668167917484692,0.134199375078479,"cum9m","fma.asset.turn","fma.debt.assets","fma.fcf.mgn","fma.gross.margin","fma.midcap.pct","fma.psales"
6,0.7513,0.0448499943147999,0.124819835262845,"cum9m","fma.asset.turn","fma.debt.assets","fma.debt.eq","fma.earnings.ret","fma.fcf.mgn","fma.psales"
6,0.7014,0.057010795915649,0.133059777830469,"cum9m","fma.debt.assets","fma.earnings.ret","fma.fcf.mgn","fma.gross.margin","fma.pct.below.mavg","fma.psales"
6,0.3623,0.0536071889761141,0.123524937831294,"fma.asset.turn","fma.debt.assets","fma.earnings.ret","fma.eval.fcf","fma.fcf.mgn","fma.gross.margin","fma.psales"
6,0.8315,0.0474444180680245,0.132044233795134,"cum9m","fma.asset.turn","fma.earnings.ret","fma.fcf.mgn","fma.gross.margin","fma.ltg.eps","fma.psales"
6,0.7398,0.0506136971944925,0.133686691094979,"fma.advancers.pct","fma.asset.turn","fma.debt.assets","fma.earnings.ret","fma.fcf.mgn","fma.gross.margin","fma.psales"
6,0.7214,0.05301711004436,0.129719814868896,"cum9m","fma.asset.turn","fma.debt.assets","fma.earnings.ret","fma.fcf.mgn","fma.ltg.eps","fma.psales"
6,0.7958,0.0522826470893754,0.126436355432905,"cum9m","fma.debt.assets","fma.earnings.ret","fma.fcf.mgn","fma.gross.margin","fma.pex","fma.psales"
6,0.7893,0.0615362589729606,0.13605185719777,"cum9m","fma.asset.turn","fma.debt.assets","fma.div.yld","fma.earnings.ret","fma.fcf.mgn","fma.gross.margin"
6,0.9023,0.0595475329075438,0.138441643941042,"cum9m","fma.advancers.pct","fma.asset.turn","fma.earnings.ret","fma.fcf.mgn","fma.gross.margin","fma.psales"
6,0.7648,0.0496669601444842,0.12584787977248,"cum9m","fma.debt.assets","fma.decliners.pct","fma.earnings.ret","fma.fcf.mgn","fma.gross.margin","fma.psales"
6,0.6925,0.0424889981639187,0.124446820430837,"cum9m","fma.debt.assets","fma.earnings.ret","fma.fcf.mgn","fma.gross.margin","fma.pbk","fma.psales"
6,0.6466,0.0601260631412196,0.143089703158847,"fma.asset.turn","fma.debt.assets","fma.earnings.ret","fma.fcf.mgn","fma.gross.margin","fma.psales","fma.tgt.price"
6,0.8108,0.0735831661423979,0.135511843128374,"cum9m","fma.asset.turn","fma.earnings.ret","fma.fcf.mgn","fma.gross.margin","fma.payout","fma.psales"
6,0.469,0.0547226877634286,0.120010805167277,"cum9m","fma.asset.turn","fma.earnings.ret","fma.eval.fcf","fma.fcf.mgn","fma.gross.margin","fma.psales"
6,0.758,0.0677033555313917,0.135007280818399,"cum9m","fma.asset.turn","fma.debt.assets","fma.earnings.ret","fma.fcf.mgn","fma.gross.margin","fma.pcf"
6,0.7588,0.0554716474766766,0.137538659767201,"cum9m","fma.asset.turn","fma.debt.assets","fma.earnings.ret","fma.fcf.mgn","fma.gross.margin","fma.mcap.wavg"
6,0.3857,0.0662730507104534,0.124586820666953,"cum9m","fma.advancers.vol","fma.asset.turn","fma.debt.assets","fma.earnings.ret","fma.fcf.mgn","fma.psales"
6,0.7255,0.0567240018082745,0.126666460125057,"cum9m","fma.debt.assets","fma.earnings.ret","fma.fcf.mgn","fma.gross.margin","fma.pcfx","fma.psales"
6,0.6931,0.0674273062142629,0.134004913897922,"fma.asset.turn","fma.debt.assets","fma.earnings.ret","fma.fcf.mgn","fma.gross.margin","fma.pex","fma.psales"
6,0.7187,0.0634789748031306,0.135758758763499,"cum9m","fma.asset.turn","fma.debt.assets","fma.earnings.ret","fma.gross.margin","fma.pretax.mgn","fma.psales"
6,0.8402,0.0586566442023974,0.131760379535161,"cum9m","fma.asset.turn","fma.debt.assets","fma.earnings.ret","fma.fcf.mgn","fma.psales","fma.roic"
6,0.4582,0.0521903867989794,0.130780988215175,"cum9m","fma.asset.turn","fma.debt.assets","fma.earnings.ret","fma.gross.margin","fma.psales","fma.smlcap.pct"
6,0.748,0.0630457814426166,0.140807643447826,"cum9m","fma.advancers.pct","fma.debt.assets","fma.earnings.ret","fma.fcf.mgn","fma.gross.margin","fma.psales"
6,0.6031,0.064799471907659,0.13326079794216,"cum9m","fma.asset.turn","fma.debt.assets","fma.earnings.ret","fma.fcf.mgn","fma.pfcf","fma.psales"
6,0.7255,0.0567240018082745,0.126666460125057,"cum9m","fma.debt.assets","fma.earnings.ret","fma.fcf.mgn","fma.gross.margin","fma.pcfx","fma.psales"
6,0.5509,0.0563006358965564,0.12874514455678,"cum9m","fma.asset.turn","fma.debt.assets","fma.debt.ebitda","fma.earnings.ret","fma.gross.margin","fma.psales"
6,0.8399,0.0777222620620754,0.139557181400767,"cum9m","fma.asset.turn","fma.debt.assets","fma.fcf.mgn","fma.gross.margin","fma.psales","fma.roe"
6,0.6866,0.0576115442153916,0.130947229753001,"fma.asset.turn","fma.debt.assets","fma.earnings.ret","fma.fcf.mgn","fma.gross.margin","fma.pe","fma.psales"
6,0.7631,0.0560606227034061,0.133732257935573,"cum9m","fma.asset.turn","fma.earnings.ret","fma.fcf.mgn","fma.gross.margin","fma.psales","fma.rating.chg"
6,0.8467,0.0469916339719588,0.129826469826578,"cum9m","fma.asset.turn","fma.earnings.ret","fma.fcf.mgn","fma.gross.margin","fma.pct.above.mavg","fma.psales"
6,0.7494,0.0466263412337838,0.129844013829265,"cum9m","fma.asset.turn","fma.debt.assets","fma.earnings.ret","fma.fcf.mgn","fma.gross.margin","fma.hldgs.chg"
6,0.7069,0.0720158360589079,0.141260219626031,"cum9m","fma.asset.turn","fma.debt.assets","fma.earnings.ret","fma.gross.margin","fma.mcap.wavg","fma.psales"
6,0.6333,0.0476128281821581,0.12846637666279,"fma.asset.turn","fma.debt.assets","fma.earnings.ret","fma.fcf.mgn","fma.gross.margin","fma.ndebt.ebitda","fma.psales"
6,0.7649,0.0569620838829477,0.130878090600471,"cum9m","fma.debt.assets","fma.div.yld","fma.earnings.ret","fma.fcf.mgn","fma.gross.margin","fma.psales"
6,0.7949,0.0557958265138762,0.128791971010415,"cum9m","fma.asset.turn","fma.decliners.pct","fma.earnings.ret","fma.fcf.mgn","fma.gross.margin","fma.psales"
6,0.7202,0.039881957581577,0.123721412028856,"cum9m","fma.asset.turn","fma.earnings.ret","fma.fcf.mgn","fma.gross.margin","fma.ndebt.ebitda","fma.psales"
6,0.7631,0.0560606227034061,0.133732257935573,"cum9m","fma.asset.turn","fma.earnings.ret","fma.fcf.mgn","fma.gross.margin","fma.psales","fma.rating.chg"
6,0.8557,0.0470970962942355,0.130094085023728,"cum9m","fma.asset.turn","fma.earnings.ret","fma.fcf.mgn","fma.gross.margin","fma.psales","fma.roe"
6,0.7593,0.0969420102622328,0.14722520836685,"cum9m","fma.asset.turn","fma.debt.assets","fma.fcf.mgn","fma.gross.margin","fma.mcap.wavg","fma.psales"
6,0.5139,0.062560795975096,0.134570016266231,"cum9m","fma.asset.turn","fma.debt.assets","fma.earnings.ret","fma.fcf.mgn","fma.mcap","fma.psales"
6,0.8059,0.0724046352520598,0.144447285129005,"cum9m","fma.asset.turn","fma.earnings.ret","fma.fcf.mgn","fma.gross.margin","fma.psales","fma.tgt.price"
6,0.8127,0.0424372916830923,0.119663857343814,"cum9m","fma.debt.assets","fma.earnings.ret","fma.fcf.mgn","fma.gross.margin","fma.ltd.tcap","fma.psales"
6,0.7302,0.0794953808450529,0.141064079687421,"cum9m","fma.asset.turn","fma.debt.assets","fma.fcf.mgn","fma.gross.margin","fma.pct.above.mavg","fma.psales"
6,0.7282,0.0618603414401306,0.131526967836604,"cum9m","fma.debt.assets","fma.earnings.ret","fma.fcf.mgn","fma.gross.margin","fma.pcf","fma.psales"
6,0.8259,0.0512471448981281,0.130162087689192,"cum9m","fma.asset.turn","fma.earnings.ret","fma.fcf.mgn","fma.gross.margin","fma.pretax.mgn","fma.psales"
6,0.7777,0.0443607579356325,0.128739878599006,"cum9m","fma.asset.turn","fma.earnings.ret","fma.ebita.debt","fma.fcf.mgn","fma.gross.margin","fma.psales"
6,0.8002,0.0604356781263902,0.128422327744446,"cum9m","fma.asset.turn","fma.earnings.ret","fma.fcf.mgn","fma.gross.margin","fma.pcfx","fma.psales"
6,0.7259,0.0557254389995264,0.133696901845255,"fma.asset.turn","fma.debt.assets","fma.earnings.ret","fma.ebit.int.exp","fma.fcf.mgn","fma.gross.margin","fma.psales"
6,0.8127,0.0424372916830923,0.119663857343814,"cum9m","fma.debt.assets","fma.earnings.ret","fma.fcf.mgn","fma.gross.margin","fma.ltd.tcap","fma.psales"
6,0.7744,0.0823815383501429,0.137455469298851,"fma.asset.turn","fma.debt.assets","fma.earnings.ret","fma.fcf.mgn","fma.gross.margin","fma.pcfx","fma.psales"
6,0.7234,0.0640550370934994,0.138389609396375,"fma.asset.turn","fma.debt.assets","fma.earnings.ret","fma.fcf.mgn","fma.gross.margin","fma.mcap.wavg","fma.psales"
6,0.5039,0.0613983721760527,0.124729608397748,"cum9m","fma.asset.turn","fma.debt.assets","fma.earnings.ret","fma.gross.margin","fma.hhi","fma.psales"
6,0.7409,0.05192888506418,0.133052054285896,"fma.asset.turn","fma.debt.assets","fma.earnings.ret","fma.fcf.mgn","fma.gross.margin","fma.ltg.eps","fma.psales"
6,0.737,0.0946644064288108,0.146313932202309,"cum9m","fma.asset.turn","fma.debt.assets","fma.fcf.mgn","fma.fcf.yield","fma.gross.margin","fma.psales"
6,0.5309,0.0718850986572785,0.138749691066969,"cum9m","fma.asset.turn","fma.earnings.ret","fma.fcf.mgn","fma.gross.margin","fma.mcap","fma.psales"
6,0.7102,0.0604618102265687,0.13100062967141,"cum9m","fma.debt.assets","fma.debt.ebitda","fma.earnings.ret","fma.fcf.mgn","fma.gross.margin","fma.psales"
6,0.741,0.0437317818986045,0.124636081195221,"fma.asset.turn","fma.debt.assets","fma.earnings.ret","fma.fcf.mgn","fma.gross.margin","fma.midcap.pct","fma.psales"
6,0.8142,0.0554095469251203,0.13329264218733,"cum9m","fma.debt.assets","fma.earnings.ret","fma.fcf.mgn","fma.gross.margin","fma.ltg.eps","fma.psales"
6,0.7093,0.055202807900753,0.132854605050231,"fma.asset.turn","fma.debt.assets","fma.earnings.ret","fma.ebit.margin","fma.fcf.mgn","fma.gross.margin","fma.psales"
6,0.522,0.0742219707545179,0.141005752527996,"cum9m","fma.debt.assets","fma.earnings.ret","fma.fcf.mgn","fma.gross.margin","fma.mcap","fma.psales"
6,0.5876,0.0490146446153731,0.124260824833718,"cum9m","fma.asset.turn","fma.debt.assets","fma.earnings.ret","fma.fcf.mgn","fma.pcf","fma.psales"
6,0.7815,0.0750173812356055,0.138116018623965,"cum9m","fma.asset.turn","fma.debt.assets","fma.fcf.mgn","fma.gross.margin","fma.psales","fma.roa"
6,0.8462,0.0681999093786503,0.142972174896494,"cum9m","fma.debt.assets","fma.earnings.ret","fma.fcf.mgn","fma.gross.margin","fma.price.idx","fma.psales"
6,0.7204,0.0846490732804438,0.139011094129191,"fma.asset.turn","fma.debt.assets","fma.earnings.ret","fma.fcf.mgn","fma.gross.margin","fma.pcf","fma.psales"
6,0.7948,0.0726067478838933,0.134170368264851,"cum9m","fma.asset.turn","fma.debt.ebitda","fma.earnings.ret","fma.fcf.mgn","fma.gross.margin","fma.psales"
6,0.709,0.0434825678153713,0.130770651683717,"cum9m","fma.asset.turn","fma.debt.assets","fma.earnings.ret","fma.ebit.int.exp","fma.fcf.mgn","fma.gross.margin"
6,0.8341,0.0689184226491315,0.139838772292305,"cum9m","fma.asset.turn","fma.debt.assets","fma.earnings.ret","fma.gross.margin","fma.psales","fma.roe"
6,0.7989,0.0429067316576386,0.129735700447124,"cum9m","fma.asset.turn","fma.debt.assets","fma.earnings.ret","fma.fcf.mgn","fma.gross.margin","fma.pct.below.mavg"
6,0.7819,0.0594983798219854,0.130542366201362,"cum9m","fma.asset.turn","fma.debt.assets","fma.earnings.ret","fma.ebitda.margin","fma.fcf.mgn","fma.psales"
6,0.6608,0.0343045905224304,0.120366429889315,"cum9m","fma.asset.turn","fma.debt.assets","fma.earnings.ret","fma.gross.margin","fma.pbk","fma.psales"
6,0.7077,0.045800218884035,0.130835800296018,"cum9m","fma.asset.turn","fma.debt.assets","fma.earnings.ret","fma.ebitda.int.exp","fma.fcf.mgn","fma.gross.margin"
6,0.7981,0.0665860370845873,0.134663117516675,"cum9m","fma.asset.turn","fma.debt.assets","fma.earnings.ret","fma.fcf.mgn","fma.gross.margin","fma.pcfx"
6,0.6122,0.0524732743940961,0.131850759476884,"fma.asset.turn","fma.debt.assets","fma.earnings.ret","fma.fcf.mgn","fma.gross.margin","fma.net.mgn","fma.psales"
6,0.4586,0.0461591473911002,0.118247155680429,"cum9m","fma.asset.turn","fma.earnings.ret","fma.fcf.mgn","fma.gross.margin","fma.hhi","fma.psales"
6,0.7448,0.0566770063613755,0.13942292881441,"cum9m","fma.asset.turn","fma.debt.assets","fma.earnings.ret","fma.gross.margin","fma.psales","fma.tgt.price"
6,0.6466,0.0361328874162665,0.120812893882778,"cum9m","fma.asset.turn","fma.debt.assets","fma.earnings.ret","fma.fcf.mgn","fma.pct.below.mavg","fma.psales"
6,0.7484,0.0492494692847845,0.130210188398178,"fma.asset.turn","fma.debt.assets","fma.earnings.ret","fma.fcf.mgn","fma.gross.margin","fma.pct.below.mavg","fma.psales"
6,0.5652,0.0502767036540649,0.128145145005061,"cum9m","fma.asset.turn","fma.debt.assets","fma.earnings.ret","fma.fcf.mgn","fma.psales","fma.rating.chg"
6,0.7647,0.0873414711367548,0.139593089424429,"cum9m","fma.asset.turn","fma.debt.assets","fma.ebitda.int.exp","fma.fcf.mgn","fma.gross.margin","fma.psales"
6,0.6333,0.0476128281821581,0.12846637666279,"fma.asset.turn","fma.debt.assets","fma.earnings.ret","fma.fcf.mgn","fma.gross.margin","fma.ndebt.ebitda","fma.psales"
6,0.8382,0.0506599115503211,0.130797938945587,"cum9m","fma.asset.turn","fma.debt.assets","fma.debt.eq","fma.earnings.ret","fma.gross.margin","fma.psales"
6,0.7814,0.0366806222265083,0.123694100702165,"cum9m","fma.asset.turn","fma.debt.assets","fma.earnings.ret","fma.fcf.mgn","fma.gross.margin","fma.midcap.pct"
6,0.3816,0.0690397092073261,0.130259370270625,"fma.advancers.vol","fma.asset.turn","fma.debt.assets","fma.earnings.ret","fma.fcf.mgn","fma.gross.margin","fma.psales"
6,0.4484,0.0549228182595553,0.125828317878891,"cum9m","fma.asset.turn","fma.debt.assets","fma.earnings.ret","fma.fcf.mgn","fma.gross.margin","fma.hhi"
6,0.5513,0.065743079192636,0.13228662627322,"cum9m","fma.asset.turn","fma.debt.assets","fma.earnings.ret","fma.fcf.mgn","fma.payout","fma.psales"
6,0.6887,0.0380743677460977,0.124880226386203,"cum9m","fma.asset.turn","fma.debt.assets","fma.earnings.ret","fma.fcf.mgn","fma.gross.margin","fma.ndebt.ebitda"
6,0.4731,0.0961305351536013,0.147268352935084,"cum9m","fma.asset.turn","fma.debt.assets","fma.fcf.mgn","fma.gross.margin","fma.psales","fma.share.turnover"
6,0.8502,0.0536261049636334,0.132713735005915,"cum9m","fma.asset.turn","fma.earnings.ret","fma.fcf.mgn","fma.gross.margin","fma.psales","fma.roic"
6,0.6435,0.0880382175553799,0.139773052303847,"cum9m","fma.asset.turn","fma.debt.assets","fma.fcf.mgn","fma.gross.margin","fma.payout","fma.psales"
6,0.8418,0.0528517125872114,0.131084490860782,"cum9m","fma.asset.turn","fma.earnings.ret","fma.ebitda.margin","fma.fcf.mgn","fma.gross.margin","fma.psales"
6,0.5371,0.0726829393841217,0.133704604639859,"cum9m","fma.asset.turn","fma.decliners","fma.earnings.ret","fma.fcf.mgn","fma.gross.margin","fma.psales"
6,0.451,0.0528199421551181,0.129886199353677,"cum9m","fma.asset.turn","fma.debt.assets","fma.earnings.ret","fma.fcf.mgn","fma.psales","fma.smlcap.pct"
6,0.6616,0.0672847187380933,0.138237181666891,"cum9m","fma.debt.assets","fma.earnings.ret","fma.fcf.mgn","fma.gross.margin","fma.pfcf","fma.psales"
6,0.719,0.0513939801849183,0.133135122195635,"fma.asset.turn","fma.debt.assets","fma.earnings.ret","fma.fcf.mgn","fma.gross.margin","fma.psales","fma.roa"
6,0.7102,0.0604618102265687,0.13100062967141,"cum9m","fma.debt.assets","fma.debt.ebitda","fma.earnings.ret","fma.fcf.mgn","fma.gross.margin","fma.psales"
6,0.6937,0.0581762003083094,0.13677384204563,"cum9m","fma.advancers.pct","fma.asset.turn","fma.debt.assets","fma.earnings.ret","fma.gross.margin","fma.psales"
6,0.469,0.0547226877634286,0.120010805167277,"cum9m","fma.asset.turn","fma.earnings.ret","fma.eval.fcf","fma.fcf.mgn","fma.gross.margin","fma.psales"
6,0.9306,0.0655810465667368,0.13396040581942,"cum9m","fma.asset.turn","fma.div.yld","fma.earnings.ret","fma.fcf.mgn","fma.gross.margin","fma.psales"
6,0.719,0.0513939801849183,0.133135122195635,"fma.asset.turn","fma.debt.assets","fma.earnings.ret","fma.fcf.mgn","fma.gross.margin","fma.psales","fma.roa"
6,0.7536,0.0434932672614962,0.123448992247856,"cum9m","fma.asset.turn","fma.debt.assets","fma.earnings.ret","fma.gross.margin","fma.ndebt.ebitda","fma.psales"
6,0.8263,0.0372125667149768,0.125657596802977,"cum9m","fma.asset.turn","fma.debt.assets","fma.debt.eq","fma.earnings.ret","fma.fcf.mgn","fma.gross.margin"
6,0.7711,0.0591238198903999,0.134686200840556,"cum9m","fma.asset.turn","fma.debt.assets","fma.earnings.ret","fma.fcf.mgn","fma.gross.margin","fma.pfcf"
6,0.524,0.0697421521695366,0.135558825500929,"cum9m","fma.debt.assets","fma.earnings.ret","fma.fcf.mgn","fma.gross.margin","fma.psales","fma.smlcap.pct"
6,0.7119,0.0576835614230022,0.134163888200831,"cum9m","fma.asset.turn","fma.debt.assets","fma.earnings.ret","fma.gross.margin","fma.pct.above.mavg","fma.psales"
6,0.6407,0.0334797524068839,0.115926821385506,"cum9m","fma.asset.turn","fma.debt.assets","fma.decliners.pct","fma.earnings.ret","fma.fcf.mgn","fma.psales"
6,0.6435,0.0880382175553799,0.139773052303847,"cum9m","fma.asset.turn","fma.debt.assets","fma.fcf.mgn","fma.gross.margin","fma.payout","fma.psales"
6,0.7093,0.055202807900753,0.132854605050231,"fma.asset.turn","fma.debt.assets","fma.earnings.ret","fma.ebit.margin","fma.fcf.mgn","fma.gross.margin","fma.psales"
6,0.675,0.0406011312564062,0.124008094938814,"cum9m","fma.asset.turn","fma.debt.assets","fma.earnings.ret","fma.fcf.mgn","fma.lgcap.pct","fma.psales"
6,0.7172,0.056854693981746,0.132154073806951,"fma.asset.turn","fma.debt.assets","fma.earnings.ret","fma.ebitda.margin","fma.fcf.mgn","fma.gross.margin","fma.psales"
6,0.6675,0.0792717665768932,0.138795107670385,"cum9m","fma.asset.turn","fma.debt.assets","fma.ebitda.margin","fma.fcf.mgn","fma.gross.margin","fma.psales"
6,0.7815,0.0750173812356055,0.138116018623965,"cum9m","fma.asset.turn","fma.debt.assets","fma.fcf.mgn","fma.gross.margin","fma.psales","fma.roa"
6,0.719,0.0513939801849183,0.133135122195635,"fma.asset.turn","fma.debt.assets","fma.earnings.ret","fma.fcf.mgn","fma.gross.margin","fma.psales","fma.roa"
6,0.5139,0.062560795975096,0.134570016266231,"cum9m","fma.asset.turn","fma.debt.assets","fma.earnings.ret","fma.fcf.mgn","fma.mcap","fma.psales"
6,0.7749,0.0257248724187377,0.120996740337178,"cum9m","fma.debt.assets","fma.earnings.ret","fma.fcf.mgn","fma.gross.margin","fma.lgcap.pct","fma.psales"
6,0.9023,0.0595475329075438,0.138441643941042,"cum9m","fma.advancers.pct","fma.asset.turn","fma.earnings.ret","fma.fcf.mgn","fma.gross.margin","fma.psales"
6,0.5342,0.0479949259375117,0.120915689107698,"cum9m","fma.asset.turn","fma.debt.assets","fma.earnings.ret","fma.eval.fcf","fma.fcf.mgn","fma.gross.margin"
6,0.5342,0.0479949259375117,0.120915689107698,"cum9m","fma.asset.turn","fma.debt.assets","fma.earnings.ret","fma.eval.fcf","fma.fcf.mgn","fma.gross.margin"
6,0.3626,0.0690097877885558,0.128723012714529,"cum9m","fma.advancers.vol","fma.asset.turn","fma.debt.assets","fma.earnings.ret","fma.gross.margin","fma.psales"
6,0.7409,0.05192888506418,0.133052054285896,"fma.asset.turn","fma.debt.assets","fma.earnings.ret","fma.fcf.mgn","fma.gross.margin","fma.ltg.eps","fma.psales"
6,0.7981,0.0665860370845873,0.134663117516675,"cum9m","fma.asset.turn","fma.debt.assets","fma.earnings.ret","fma.fcf.mgn","fma.gross.margin","fma.pcfx"
6,0.748,0.0630457814426166,0.140807643447826,"cum9m","fma.advancers.pct","fma.debt.assets","fma.earnings.ret","fma.fcf.mgn","fma.gross.margin","fma.psales"
6,0.8103,0.0622022378794566,0.136437340078595,"cum9m","fma.debt.assets","fma.earnings.ret","fma.fcf.mgn","fma.gross.margin","fma.psales","fma.roic"
6,0.7802,0.0348159256515159,0.126969544757394,"cum9m","fma.asset.turn","fma.debt.assets","fma.earnings.ret","fma.fcf.mgn","fma.gross.margin","fma.pct.above.mavg"
6,0.6982,0.0711627032485409,0.1398179110274,"cum9m","fma.advancers","fma.asset.turn","fma.earnings.ret","fma.fcf.mgn","fma.gross.margin","fma.psales"
6,0.7621,0.0423839065991162,0.122660172894356,"cum9m","fma.asset.turn","fma.debt.assets","fma.earnings.ret","fma.gross.margin","fma.ltd.tcap","fma.psales"
6,0.7561,0.0850694918749087,0.145700081793495,"cum9m","fma.advancers.pct","fma.asset.turn","fma.debt.assets","fma.fcf.mgn","fma.gross.margin","fma.psales"
6,0.802,0.0472700934900811,0.128187573057365,"cum9m","fma.asset.turn","fma.earnings.ret","fma.ebit.int.exp","fma.fcf.mgn","fma.gross.margin","fma.psales"
6,0.5743,0.0597375253578233,0.135414399833325,"cum9m","fma.advancers","fma.asset.turn","fma.debt.assets","fma.earnings.ret","fma.gross.margin","fma.psales"
6,0.7082,0.0593891607267608,0.130617789703862,"cum9m","fma.asset.turn","fma.debt.assets","fma.earnings.ret","fma.fcf.mgn","fma.pretax.mgn","fma.psales"
6,0.6828,0.0573817020747711,0.131785157144379,"cum9m","fma.debt.assets","fma.earnings.ret","fma.fcf.mgn","fma.gross.margin","fma.hldgs.chg","fma.psales"
6,0.6839,0.0578141601192676,0.141788898380669,"fma.asset.turn","fma.debt.assets","fma.earnings.ret","fma.fcf.mgn","fma.gross.margin","fma.price.idx","fma.psales"
6,0.8382,0.0506599115503211,0.130797938945587,"cum9m","fma.asset.turn","fma.debt.assets","fma.debt.eq","fma.earnings.ret","fma.gross.margin","fma.psales"
6,0.4231,0.0711394779924892,0.134461171354477,"fma.asset.turn","fma.debt.assets","fma.decliners","fma.earnings.ret","fma.fcf.mgn","fma.gross.margin","fma.psales"
6,0.7597,0.0495070965640741,0.13130441902771,"cum9m","fma.asset.turn","fma.debt.assets","fma.earnings.ret","fma.gross.margin","fma.lgcap.pct","fma.psales"
6,0.8886,0.044035259200105,0.125545827723195,"cum9m","fma.asset.turn","fma.debt.eq","fma.earnings.ret","fma.fcf.mgn","fma.gross.margin","fma.psales"
6,0.5396,0.0257668476920664,0.114103976657145,"cum9m","fma.asset.turn","fma.debt.assets","fma.earnings.ret","fma.fcf.mgn","fma.pbk","fma.psales"
6,0.5513,0.065743079192636,0.13228662627322,"cum9m","fma.asset.turn","fma.debt.assets","fma.earnings.ret","fma.fcf.mgn","fma.payout","fma.psales"
6,0.5735,0.0628771617451486,0.130380632988994,"cum9m","fma.advancers.vol","fma.asset.turn","fma.debt.assets","fma.earnings.ret","fma.fcf.mgn","fma.gross.margin"
6,0.8886,0.044035259200105,0.125545827723195,"cum9m","fma.asset.turn","fma.debt.eq","fma.earnings.ret","fma.fcf.mgn","fma.gross.margin","fma.psales"
6,0.7398,0.0506136971944925,0.133686691094979,"fma.advancers.pct","fma.asset.turn","fma.debt.assets","fma.earnings.ret","fma.fcf.mgn","fma.gross.margin","fma.psales"
6,0.8323,0.0500622747982083,0.134528332247894,"cum9m","fma.asset.turn","fma.debt.assets","fma.earnings.ret","fma.fcf.mgn","fma.gross.margin","fma.ltg.eps"
6,0.8042,0.0607739910653108,0.134545117064492,"cum9m","fma.asset.turn","fma.debt.assets","fma.earnings.ret","fma.fcf.mgn","fma.gross.margin","fma.pex"
6,0.7692,0.0525475913029359,0.133304244842983,"fma.asset.turn","fma.debt.assets","fma.earnings.ret","fma.ebita.debt","fma.fcf.mgn","fma.gross.margin","fma.psales"
6,0.869,0.0573098110125329,0.130814454448208,"cum9m","fma.debt.assets","fma.debt.eq","fma.earnings.ret","fma.fcf.mgn","fma.gross.margin","fma.psales"
6,0.8263,0.0372125667149768,0.125657596802977,"cum9m","fma.asset.turn","fma.debt.assets","fma.debt.eq","fma.earnings.ret","fma.fcf.mgn","fma.gross.margin"
6,0.6787,0.0324980728916793,0.119580252210555,"cum9m","fma.asset.turn","fma.debt.assets","fma.earnings.ret","fma.fcf.mgn","fma.midcap.pct","fma.psales"
6,0.7833,0.0457611432296663,0.130547198881061,"cum9m","fma.debt.assets","fma.earnings.ret","fma.fcf.mgn","fma.gross.margin","fma.pct.above.mavg","fma.psales"
6,0.6609,0.0737506565027474,0.138473334059237,"cum9m","fma.asset.turn","fma.debt.assets","fma.earnings.ret","fma.gross.margin","fma.payout","fma.psales"
6,0.7849,0.0383353887017615,0.119667398651003,"cum9m","fma.asset.turn","fma.earnings.ret","fma.fcf.mgn","fma.gross.margin","fma.ltd.tcap","fma.psales"
6,0.3811,0.0609211177688677,0.126079141109788,"cum9m","fma.asset.turn","fma.debt.assets","fma.decliners","fma.earnings.ret","fma.fcf.mgn","fma.psales"
6,0.7819,0.0594983798219854,0.130542366201362,"cum9m","fma.asset.turn","fma.debt.assets","fma.earnings.ret","fma.ebitda.margin","fma.fcf.mgn","fma.psales"
6,0.7948,0.0726067478838933,0.134170368264851,"cum9m","fma.asset.turn","fma.debt.ebitda","fma.earnings.ret","fma.fcf.mgn","fma.gross.margin","fma.psales"
6,0.5269,0.0614470566869839,0.122686056498518,"cum9m","fma.asset.turn","fma.assets.eq","fma.debt.assets","fma.earnings.ret","fma.fcf.mgn","fma.psales"
6,0.6787,0.0324980728916793,0.119580252210555,"cum9m","fma.asset.turn","fma.debt.assets","fma.earnings.ret","fma.fcf.mgn","fma.midcap.pct","fma.psales"
6,0.7344,0.0569527576036277,0.134195970211722,"cum9m","fma.debt.assets","fma.earnings.ret","fma.fcf.mgn","fma.gross.margin","fma.psales","fma.rating.chg"
6,0.522,0.0742219707545179,0.141005752527996,"cum9m","fma.debt.assets","fma.earnings.ret","fma.fcf.mgn","fma.gross.margin","fma.mcap","fma.psales"
6,0.8467,0.0469916339719588,0.129826469826578,"cum9m","fma.asset.turn","fma.earnings.ret","fma.fcf.mgn","fma.gross.margin","fma.pct.above.mavg","fma.psales"
6,0.7814,0.0366806222265083,0.123694100702165,"cum9m","fma.asset.turn","fma.debt.assets","fma.earnings.ret","fma.fcf.mgn","fma.gross.margin","fma.midcap.pct"
6,0.6471,0.0745082140163047,0.137106403341214,"cum9m","fma.asset.turn","fma.debt.assets","fma.earnings.ret","fma.ebitda.margin","fma.gross.margin","fma.psales"
6,0.5735,0.0628771617451486,0.130380632988994,"cum9m","fma.advancers.vol","fma.asset.turn","fma.debt.assets","fma.earnings.ret","fma.fcf.mgn","fma.gross.margin"
6,0.802,0.0472700934900811,0.128187573057365,"cum9m","fma.asset.turn","fma.earnings.ret","fma.ebit.int.exp","fma.fcf.mgn","fma.gross.margin","fma.psales"
6,0.8022,0.0576242362653888,0.132407628665942,"cum9m","fma.asset.turn","fma.earnings.ret","fma.fcf.mgn","fma.gross.margin","fma.pct.below.mavg","fma.psales"
6,0.7077,0.045800218884035,0.130835800296018,"cum9m","fma.asset.turn","fma.debt.assets","fma.earnings.ret","fma.ebitda.int.exp","fma.fcf.mgn","fma.gross.margin"
6,0.6767,0.080468512069291,0.140497611939932,"cum9m","fma.asset.turn","fma.debt.assets","fma.ebit.margin","fma.fcf.mgn","fma.gross.margin","fma.psales"
6,0.4231,0.0711394779924892,0.134461171354477,"fma.asset.turn","fma.debt.assets","fma.decliners","fma.earnings.ret","fma.fcf.mgn","fma.gross.margin","fma.psales"
6,0.8103,0.0622022378794566,0.136437340078595,"cum9m","fma.debt.assets","fma.earnings.ret","fma.fcf.mgn","fma.gross.margin","fma.psales","fma.roic"
6,0.8886,0.044035259200105,0.125545827723195,"cum9m","fma.asset.turn","fma.debt.eq","fma.earnings.ret","fma.fcf.mgn","fma.gross.margin","fma.psales"
6,0.4104,0.0664094723610352,0.131848982126945,"cum9m","fma.asset.turn","fma.debt.assets","fma.decliners","fma.earnings.ret","fma.gross.margin","fma.psales"
6,0.7814,0.0366806222265083,0.123694100702165,"cum9m","fma.asset.turn","fma.debt.assets","fma.earnings.ret","fma.fcf.mgn","fma.gross.margin","fma.midcap.pct"
6,0.6937,0.0581762003083094,0.13677384204563,"cum9m","fma.advancers.pct","fma.asset.turn","fma.debt.assets","fma.earnings.ret","fma.gross.margin","fma.psales"
6,0.3626,0.0690097877885558,0.128723012714529,"cum9m","fma.advancers.vol","fma.asset.turn","fma.debt.assets","fma.earnings.ret","fma.gross.margin","fma.psales"
6,0.7649,0.0569620838829477,0.130878090600471,"cum9m","fma.debt.assets","fma.div.yld","fma.earnings.ret","fma.fcf.mgn","fma.gross.margin","fma.psales"
6,0.7958,0.0522826470893754,0.126436355432905,"cum9m","fma.debt.assets","fma.earnings.ret","fma.fcf.mgn","fma.gross.margin","fma.pex","fma.psales"
6,0.7602,0.0668167917484692,0.134199375078479,"cum9m","fma.asset.turn","fma.debt.assets","fma.fcf.mgn","fma.gross.margin","fma.midcap.pct","fma.psales"
6,0.7312,0.0664982492423935,0.133083595398304,"cum9m","fma.asset.turn","fma.debt.assets","fma.div.yld","fma.earnings.ret","fma.gross.margin","fma.psales"
6,0.5509,0.0563006358965564,0.12874514455678,"cum9m","fma.asset.turn","fma.debt.assets","fma.debt.ebitda","fma.earnings.ret","fma.gross.margin","fma.psales"
6,0.6915,0.0475166604327688,0.131670494422959,"cum9m","fma.asset.turn","fma.debt.assets","fma.earnings.ret","fma.fcf.mgn","fma.gross.margin","fma.roa"
6,0.7949,0.0557958265138762,0.128791971010415,"cum9m","fma.asset.turn","fma.decliners.pct","fma.earnings.ret","fma.fcf.mgn","fma.gross.margin","fma.psales"
6,0.538,0.0546938358887729,0.130070648920865,"fma.asset.turn","fma.debt.assets","fma.earnings.ret","fma.fcf.mgn","fma.gross.margin","fma.hldgs.chg","fma.psales"
6,0.73,0.0597927446917665,0.131040894787976,"fma.asset.turn","fma.debt.assets","fma.earnings.ret","fma.fcf.mgn","fma.gross.margin","fma.pbk","fma.psales"
6,0.6866,0.0576115442153916,0.130947229753001,"fma.asset.turn","fma.debt.assets","fma.earnings.ret","fma.fcf.mgn","fma.gross.margin","fma.pe","fma.psales"
6,0.7602,0.0668167917484692,0.134199375078479,"cum9m","fma.asset.turn","fma.debt.assets","fma.fcf.mgn","fma.gross.margin","fma.midcap.pct","fma.psales"
6,0.5756,0.0671211020928859,0.130927898399205,"cum9m","fma.asset.turn","fma.debt.assets","fma.earnings.ret","fma.ebitda.int.exp","fma.fcf.mgn","fma.psales"
6,0.6609,0.0737506565027474,0.138473334059237,"cum9m","fma.asset.turn","fma.debt.assets","fma.earnings.ret","fma.gross.margin","fma.payout","fma.psales"
6,0.7929,0.0567405292950084,0.131178393360233,"cum9m","fma.debt.assets","fma.earnings.ret","fma.ebit.int.exp","fma.fcf.mgn","fma.gross.margin","fma.psales"
6,0.7335,0.0489867070699895,0.132705183619503,"cum9m","fma.asset.turn","fma.debt.assets","fma.earnings.ret","fma.ebitda.margin","fma.fcf.mgn","fma.gross.margin"
6,0.6831,0.0556723451971474,0.133221701678862,"cum9m","fma.advancers.pct","fma.asset.turn","fma.debt.assets","fma.earnings.ret","fma.fcf.mgn","fma.psales"
6,0.758,0.0677033555313917,0.135007280818399,"cum9m","fma.asset.turn","fma.debt.assets","fma.earnings.ret","fma.fcf.mgn","fma.gross.margin","fma.pcf"
6,0.6435,0.0880382175553799,0.139773052303847,"cum9m","fma.asset.turn","fma.debt.assets","fma.fcf.mgn","fma.gross.margin","fma.payout","fma.psales"
6,0.8127,0.0424372916830923,0.119663857343814,"cum9m","fma.debt.assets","fma.earnings.ret","fma.fcf.mgn","fma.gross.margin","fma.ltd.tcap","fma.psales"
6,0.524,0.0697421521695366,0.135558825500929,"cum9m","fma.debt.assets","fma.earnings.ret","fma.fcf.mgn","fma.gross.margin","fma.psales","fma.smlcap.pct"
6,0.7082,0.0593891607267608,0.130617789703862,"cum9m","fma.asset.turn","fma.debt.assets","fma.earnings.ret","fma.fcf.mgn","fma.pretax.mgn","fma.psales"
6,0.8059,0.0724046352520598,0.144447285129005,"cum9m","fma.asset.turn","fma.earnings.ret","fma.fcf.mgn","fma.gross.margin","fma.psales","fma.tgt.price"
6,0.848,0.062009186445443,0.134532216468437,"cum9m","fma.debt.assets","fma.earnings.ret","fma.fcf.mgn","fma.gross.margin","fma.psales","fma.roa"
6,0.6925,0.0424889981639187,0.124446820430837,"cum9m","fma.debt.assets","fma.earnings.ret","fma.fcf.mgn","fma.gross.margin","fma.pbk","fma.psales"
6,0.758,0.0677033555313917,0.135007280818399,"cum9m","fma.asset.turn","fma.debt.assets","fma.earnings.ret","fma.fcf.mgn","fma.gross.margin","fma.pcf"
6,0.4205,0.0466529401696995,0.12105365538095,"cum9m","fma.asset.turn","fma.debt.assets","fma.earnings.ret","fma.eval.fcf","fma.gross.margin","fma.psales"
6,0.758,0.0677033555313917,0.135007280818399,"cum9m","fma.asset.turn","fma.debt.assets","fma.earnings.ret","fma.fcf.mgn","fma.gross.margin","fma.pcf"
6,0.4104,0.0664094723610352,0.131848982126945,"cum9m","fma.asset.turn","fma.debt.assets","fma.decliners","fma.earnings.ret","fma.gross.margin","fma.psales"
6,0.6828,0.0573817020747711,0.131785157144379,"cum9m","fma.debt.assets","fma.earnings.ret","fma.fcf.mgn","fma.gross.margin","fma.hldgs.chg","fma.psales"
6,0.529,0.0655263879077589,0.1377672118896,"cum9m","fma.debt.assets","fma.earnings.ret","fma.fcf.mgn","fma.gross.margin","fma.psales","fma.share.turnover"
6,0.4731,0.0961305351536013,0.147268352935084,"cum9m","fma.asset.turn","fma.debt.assets","fma.fcf.mgn","fma.gross.margin","fma.psales","fma.share.turnover"
6,0.869,0.0535559846862131,0.130193445519698,"cum9m","fma.asset.turn","fma.earnings.ret","fma.fcf.mgn","fma.gross.margin","fma.pbk","fma.psales"
6,0.7858,0.0504881393311803,0.133578672942491,"cum9m","fma.asset.turn","fma.debt.assets","fma.earnings.ret","fma.fcf.mgn","fma.gross.margin","fma.rating.chg"
6,0.7203,0.0562608821545669,0.128671779639792,"cum9m","fma.asset.turn","fma.debt.assets","fma.earnings.ret","fma.gross.margin","fma.pe","fma.psales"
6,0.6887,0.0380743677460977,0.124880226386203,"cum9m","fma.asset.turn","fma.debt.assets","fma.earnings.ret","fma.fcf.mgn","fma.gross.margin","fma.ndebt.ebitda"
6,0.8195,0.083826699157965,0.14530579409208,"cum9m","fma.asset.turn","fma.debt.assets","fma.earnings.ret","fma.fcf.yield","fma.gross.margin","fma.psales"
6,0.7893,0.0615362589729606,0.13605185719777,"cum9m","fma.asset.turn","fma.debt.assets","fma.div.yld","fma.earnings.ret","fma.fcf.mgn","fma.gross.margin"
6,0.8108,0.0735831661423979,0.135511843128374,"cum9m","fma.asset.turn","fma.earnings.ret","fma.fcf.mgn","fma.gross.margin","fma.payout","fma.psales"
6,0.7819,0.0594983798219854,0.130542366201362,"cum9m","fma.asset.turn","fma.debt.assets","fma.earnings.ret","fma.ebitda.margin","fma.fcf.mgn","fma.psales"
6,0.3816,0.0690397092073261,0.130259370270625,"fma.advancers.vol","fma.asset.turn","fma.debt.assets","fma.earnings.ret","fma.fcf.mgn","fma.gross.margin","fma.psales"
6,0.4799,0.0793927904377065,0.139646754825574,"cum9m","fma.asset.turn","fma.debt.assets","fma.fcf.mgn","fma.gross.margin","fma.psales","fma.smlcap.pct"
6,0.8886,0.044035259200105,0.125545827723195,"cum9m","fma.asset.turn","fma.debt.eq","fma.earnings.ret","fma.fcf.mgn","fma.gross.margin","fma.psales"
6,0.4821,0.0584449111658656,0.121860630770875,"cum9m","fma.debt.assets","fma.earnings.ret","fma.fcf.mgn","fma.gross.margin","fma.hhi","fma.psales"
6,0.7989,0.0429067316576386,0.129735700447124,"cum9m","fma.asset.turn","fma.debt.assets","fma.earnings.ret","fma.fcf.mgn","fma.gross.margin","fma.pct.below.mavg"
6,0.8022,0.0576242362653888,0.132407628665942,"cum9m","fma.asset.turn","fma.earnings.ret","fma.fcf.mgn","fma.gross.margin","fma.pct.below.mavg","fma.psales"
6,0.7744,0.0823815383501429,0.137455469298851,"fma.asset.turn","fma.debt.assets","fma.earnings.ret","fma.fcf.mgn","fma.gross.margin","fma.pcfx","fma.psales"
6,0.7653,0.0187819882008963,0.118366775388133,"cum9m","fma.asset.turn","fma.debt.assets","fma.earnings.ret","fma.fcf.mgn","fma.gross.margin","fma.lgcap.pct"
6,0.8095,0.0389081196877471,0.130093892507646,"cum9m","fma.asset.turn","fma.debt.assets","fma.earnings.ret","fma.fcf.mgn","fma.gross.margin","fma.roe"
6,0.5876,0.0490146446153731,0.124260824833718,"cum9m","fma.asset.turn","fma.debt.assets","fma.earnings.ret","fma.fcf.mgn","fma.pcf","fma.psales"
6,0.7671,0.0598784376615895,0.138430553492207,"cum9m","fma.advancers","fma.asset.turn","fma.debt.assets","fma.earnings.ret","fma.fcf.mgn","fma.gross.margin"
6,0.5282,0.0623318057088217,0.137339036820211,"cum9m","fma.advancers.net","fma.asset.turn","fma.debt.assets","fma.earnings.ret","fma.gross.margin","fma.psales"
6,0.8268,0.0612756217210445,0.1326800945312,"cum9m","fma.asset.turn","fma.debt.assets","fma.earnings.ret","fma.fcf.mgn","fma.psales","fma.roa"
6,0.4948,0.0648718257412548,0.139864780998814,"cum9m","fma.asset.turn","fma.debt.assets","fma.earnings.ret","fma.fcf.mgn","fma.gross.margin","fma.mcap"
6,0.7335,0.0489867070699895,0.132705183619503,"cum9m","fma.asset.turn","fma.debt.assets","fma.earnings.ret","fma.ebitda.margin","fma.fcf.mgn","fma.gross.margin"
6,0.7594,0.0438225947907369,0.129175303809423,"cum9m","fma.asset.turn","fma.debt.assets","fma.earnings.ret","fma.fcf.mgn","fma.gross.margin","fma.pe"
6,0.55,0.0691977612674463,0.132335894186874,"cum9m","fma.debt.assets","fma.decliners","fma.earnings.ret","fma.fcf.mgn","fma.gross.margin","fma.psales"
6,0.4582,0.0521903867989794,0.130780988215175,"cum9m","fma.asset.turn","fma.debt.assets","fma.earnings.ret","fma.gross.margin","fma.psales","fma.smlcap.pct"
6,0.7815,0.0750173812356055,0.138116018623965,"cum9m","fma.asset.turn","fma.debt.assets","fma.fcf.mgn","fma.gross.margin","fma.psales","fma.roa"
6,0.522,0.0742219707545179,0.141005752527996,"cum9m","fma.debt.assets","fma.earnings.ret","fma.fcf.mgn","fma.gross.margin","fma.mcap","fma.psales"
6,0.6887,0.0380743677460977,0.124880226386203,"cum9m","fma.asset.turn","fma.debt.assets","fma.earnings.ret","fma.fcf.mgn","fma.gross.margin","fma.ndebt.ebitda"
6,0.7282,0.0755446108524801,0.138425301606993,"cum9m","fma.asset.turn","fma.debt.assets","fma.earnings.ret","fma.fcf.mgn","fma.mcap.wavg","fma.psales"
6,0.5652,0.0502767036540649,0.128145145005061,"cum9m","fma.asset.turn","fma.debt.assets","fma.earnings.ret","fma.fcf.mgn","fma.psales","fma.rating.chg"
6,0.793,0.0702806406335264,0.14367135806184,"cum9m","fma.debt.assets","fma.earnings.ret","fma.fcf.mgn","fma.gross.margin","fma.psales","fma.tgt.price"
6,0.5513,0.065743079192636,0.13228662627322,"cum9m","fma.asset.turn","fma.debt.assets","fma.earnings.ret","fma.fcf.mgn","fma.payout","fma.psales"
6,0.6503,0.0546667119171723,0.129014245240329,"cum9m","fma.asset.turn","fma.debt.assets","fma.earnings.ret","fma.fcf.mgn","fma.pct.above.mavg","fma.psales"
6,0.737,0.0946644064288108,0.146313932202309,"cum9m","fma.asset.turn","fma.debt.assets","fma.fcf.mgn","fma.fcf.yield","fma.gross.margin","fma.psales"
6,0.7594,0.0438225947907369,0.129175303809423,"cum9m","fma.asset.turn","fma.debt.assets","fma.earnings.ret","fma.fcf.mgn","fma.gross.margin","fma.pe"
6,0.8195,0.083826699157965,0.14530579409208,"cum9m","fma.asset.turn","fma.debt.assets","fma.earnings.ret","fma.gross.margin","fma.pfcf","fma.psales"
6,0.5543,0.0911662732663635,0.14654541706171,"cum9m","fma.advancers.net","fma.asset.turn","fma.debt.assets","fma.fcf.mgn","fma.gross.margin","fma.psales"
6,0.73,0.0597927446917665,0.131040894787976,"fma.asset.turn","fma.debt.assets","fma.earnings.ret","fma.fcf.mgn","fma.gross.margin","fma.pbk","fma.psales"
6,0.6914,0.0528781479250946,0.125562458252521,"cum9m","fma.asset.turn","fma.debt.assets","fma.earnings.ret","fma.gross.margin","fma.pcfx","fma.psales"
6,0.7749,0.0257248724187377,0.120996740337178,"cum9m","fma.debt.assets","fma.earnings.ret","fma.fcf.mgn","fma.gross.margin","fma.lgcap.pct","fma.psales"
6,0.6359,0.0781130258297245,0.136924755474372,"cum9m","fma.asset.turn","fma.debt.assets","fma.fcf.mgn","fma.gross.margin","fma.hldgs.chg","fma.psales"
6,0.6927,0.0361278129538807,0.11665345343575,"cum9m","fma.asset.turn","fma.debt.assets","fma.earnings.ret","fma.fcf.mgn","fma.ltd.tcap","fma.psales"
6,0.7898,0.054911894700759,0.130188514506224,"cum9m","fma.asset.turn","fma.debt.assets","fma.earnings.ret","fma.fcf.mgn","fma.psales","fma.roe"
6,0.723,0.0436306428272271,0.130858581275164,"cum9m","fma.asset.turn","fma.debt.assets","fma.earnings.ret","fma.fcf.mgn","fma.gross.margin","fma.net.mgn"
6,0.7631,0.0560606227034061,0.133732257935573,"cum9m","fma.asset.turn","fma.earnings.ret","fma.fcf.mgn","fma.gross.margin","fma.psales","fma.rating.chg"
6,0.7119,0.0576835614230022,0.134163888200831,"cum9m","fma.asset.turn","fma.debt.assets","fma.earnings.ret","fma.gross.margin","fma.pct.above.mavg","fma.psales"
6,0.869,0.0535559846862131,0.130193445519698,"cum9m","fma.asset.turn","fma.earnings.ret","fma.fcf.mgn","fma.gross.margin","fma.pbk","fma.psales"
6,0.6466,0.0601260631412196,0.143089703158847,"fma.asset.turn","fma.debt.assets","fma.earnings.ret","fma.fcf.mgn","fma.gross.margin","fma.psales","fma.tgt.price"
6,0.5283,0.0630227512050783,0.134637095389826,"cum9m","fma.advancers.net","fma.asset.turn","fma.debt.assets","fma.earnings.ret","fma.fcf.mgn","fma.psales"
6,0.7933,0.0365432107839355,0.125571009276098,"fma.asset.turn","fma.debt.assets","fma.debt.eq","fma.earnings.ret","fma.fcf.mgn","fma.gross.margin","fma.psales"
6,0.4948,0.0648718257412548,0.139864780998814,"cum9m","fma.asset.turn","fma.debt.assets","fma.earnings.ret","fma.fcf.mgn","fma.gross.margin","fma.mcap"
6,0.719,0.0513939801849183,0.133135122195635,"fma.asset.turn","fma.debt.assets","fma.earnings.ret","fma.fcf.mgn","fma.gross.margin","fma.psales","fma.roa"
6,0.5301,0.0463022879564475,0.127267349896848,"cum9m","fma.asset.turn","fma.debt.assets","fma.earnings.ret","fma.gross.margin","fma.hldgs.chg","fma.psales"
6,0.5513,0.065743079192636,0.13228662627322,"cum9m","fma.asset.turn","fma.debt.assets","fma.earnings.ret","fma.fcf.mgn","fma.payout","fma.psales"
6,0.7769,0.0492454500922422,0.12926565854425,"cum9m","fma.asset.turn","fma.debt.assets","fma.decliners.pct","fma.earnings.ret","fma.fcf.mgn","fma.gross.margin"
6,0.6931,0.0674273062142629,0.134004913897922,"fma.asset.turn","fma.debt.assets","fma.earnings.ret","fma.fcf.mgn","fma.gross.margin","fma.pex","fma.psales"
6,0.4517,0.0662372161892189,0.126406521572136,"cum9m","fma.asset.turn","fma.debt.assets","fma.eval.fcf","fma.fcf.mgn","fma.gross.margin","fma.psales"
6,0.759,0.0510480348531292,0.131626691424623,"cum9m","fma.debt.assets","fma.earnings.ret","fma.ebit.margin","fma.fcf.mgn","fma.gross.margin","fma.psales"
6,0.4731,0.0961305351536013,0.147268352935084,"cum9m","fma.asset.turn","fma.debt.assets","fma.fcf.mgn","fma.gross.margin","fma.psales","fma.share.turnover"
6,0.8177,0.066184577596339,0.131589967622872,"cum9m","fma.asset.turn","fma.debt.assets","fma.fcf.mgn","fma.gross.margin","fma.pe","fma.psales"
